matrix_size,mkl_latency_ms,mkl_gflops,tmac_latency_ms,tmac_gflops
256,0.00550452,23.8117,0.00110915,118.173
1024,0.107862,19.443,0.009538,219.873
2048,0.579191,14.4833,0.0388295,216.037
4096,1.77918,18.8595,0.154909,216.608
8192,7.27695,18.4442,0.63328,211.941
