matrix_size,mkl_latency_ms,mkl_gflops,tmac_latency_ms,tmac_gflops,lutgemm_latency_ms,lutgemm_gflops
256,0.0110604,11.8505,0.00261465,50.1298,0.0246,5.32
1024,0.184268,11.3810,0.03161200,66.3403,0.5134,4.09
2048,0.826103,10.1544,0.13192500,63.5861,1.6110,5.21
4096,2.324810,14.4332,0.45567100,73.6374,10.4368,3.22
8192,7.938100,16.9080,1.48602000,90.3202,118.7720,1.13
