matrix_size,mkl_latency_ms,mkl_gflops,tmac_latency_ms,tmac_gflops,lutgemm_latency_ms,lutgemm_gflops
256,0.00879557,14.902,0.00157138,83.412,0.0289306,4.53057
1024,0.137411,15.2619,0.0129374,162.1,0.396542,5.28859
2048,0.547458,15.3228,0.0411521,203.844,1.56505,5.35996
4096,2.37164,14.1482,0.149316,224.721,8.13265,4.12589
8192,9.55978,14.0398,0.628865,213.429,36.918,3.63556
