category,bit,M,K,N,threads,tmac_active_threads,tmac_total_ms,tmac_bm,tmac_bn,tmac_kfactor,tmac_autotuned,tmac_tuning_ms,tmac_preprocess_ms,tmac_kernel_ms,mkl_total_ms,speedup,tmac_gflops,mkl_gflops,tmac_p90_ms,mkl_p90_ms,tmac_checksum,mkl_checksum,checksum_abs_diff,checksum_rel_diff
Square,2,1024,1024,1,1,1,0.059077,128,8,16,1,14.793852,0.002929,0.056064,0.078116,1.3222743199553126,35.49862,26.846638,0.06511,0.079621,277.529491,277.776311,0.2468200000000138,0.0008885566919348058
Square,2,1024,1024,1,2,2,0.029124,512,8,16,1,17.84351,0.002611,0.026507,0.039213,1.346415327564895,72.007691,53.481039,0.029351,0.040399,277.529491,277.776311,0.2468200000000138,0.0008885566919348058
Square,2,1024,1024,1,4,4,0.016203,512,8,16,1,18.480232,0.002607,0.013608,0.020558,1.2687773869036598,129.429859,102.01148,0.016309,0.020901,277.529491,277.776311,0.2468200000000138,0.0008885566919348058
Square,2,1024,1024,1,8,2,0.031065,1024,8,16,1,107.943365,0.002787,0.028325,0.01419,0.45678416224046353,67.508514,147.790839,0.03138,0.01484,277.529491,277.776311,0.2468200000000138,0.0008885566919348058
Square,2,1024,1024,8,1,1,0.16486,256,8,16,1,10.007929,0.013832,0.15109,0.5623,3.4107727769016134,101.766444,29.83677,0.501344,0.657424,737.381651,737.238687,0.1429640000000063,0.00019391820114834303
Square,2,1024,1024,8,2,2,0.091584,256,8,16,1,9.118031,0.014788,0.0762,0.572525,6.251364867225716,183.189378,29.303901,0.098685,1.430863,737.381651,737.238687,0.1429640000000063,0.00019391820114834303
Square,2,1024,1024,8,4,4,0.057032,128,8,16,1,8.319406,0.015479,0.041583,0.557965,9.783367232430917,294.171974,30.068581,0.064852,0.622221,737.381651,737.238687,0.1429640000000063,0.00019391820114834303
Square,2,1024,1024,8,8,4,0.055782,512,8,16,1,11.937084,0.015415,0.040339,0.585149,10.489925065433296,300.763974,28.671699,0.05835,0.694394,737.381651,737.238687,0.1429640000000063,0.00019391820114834303
Square,2,1024,1024,32,1,1,0.662488,256,16,16,1,109.898765,0.055056,0.606514,0.686327,1.0359840480129452,101.298233,97.779723,1.375259,1.292758,1037.712859,1043.043744,5.33088500000008,0.005110893028854675
Square,2,1024,1024,32,2,2,0.363532,256,8,16,1,53.459525,0.05638,0.307397,1.185928,3.2622382623813033,184.602357,56.587638,0.378094,4.172889,1037.712859,1043.043744,5.33088500000008,0.005110893028854675
Square,2,1024,1024,32,4,2,0.366949,1024,64,16,1,75.068649,0.055703,0.311495,2.176674,5.931816137937425,182.883354,30.830921,0.908819,4.510951,1037.712859,1043.043744,5.33088500000008,0.005110893028854675
Square,2,1024,1024,32,8,2,0.384709,1024,64,16,1,321.091897,0.056161,0.327493,1.967833,5.115120779602244,174.440588,34.102926,1.067476,4.117386,1037.712859,1043.043744,5.33088500000008,0.005110893028854675
Square,2,1024,1024,128,1,1,2.635816,256,64,16,1,218.745513,0.219538,2.416569,6.300103,2.3901907416906187,101.8415,42.608106,2.713804,6.843532,2789.207244,2786.317047,2.890197000000171,0.0010372821725768851
Square,2,1024,1024,128,2,2,1.45115,128,16,16,1,130.508826,0.222834,1.229661,4.975328,3.4285415015677225,184.981191,53.953318,1.659402,9.525541,2789.207244,2786.317047,2.890197000000171,0.0010372821725768851
Square,2,1024,1024,128,4,4,0.864932,128,16,16,1,183.144485,0.221702,0.621412,1.25183,1.4473160895885457,310.354405,214.434433,1.083764,4.284102,2789.207244,2786.317047,2.890197000000171,0.0010372821725768851
Square,2,1024,1024,128,8,4,0.867606,512,64,16,1,471.077068,0.227203,0.633722,1.29737,1.4953446610558248,309.397879,206.907402,1.020517,5.259582,2789.207244,2786.317047,2.890197000000171,0.0010372821725768851
Square,2,1024,1024,512,1,1,12.428358,256,8,16,1,1300.464672,0.937927,11.458923,8.070186,0.6493364610192272,86.394504,133.050443,17.097459,17.944832,1119.83689,1111.003623,8.833266999999978,0.007950709446066295
Square,2,1024,1024,512,2,2,6.166192,256,32,16,1,486.519231,0.904615,5.153555,13.46022,2.1829064031739525,174.133699,79.771491,8.590914,19.445351,1119.83689,1111.003623,8.833266999999978,0.007950709446066295
Square,2,1024,1024,512,4,4,8.093078,128,32,16,1,574.262283,1.014364,6.531312,6.11668,0.7557915542146016,132.674098,175.54324,9.497828,6.80797,1119.83689,1111.003623,8.833266999999978,0.007950709446066295
Square,2,1024,1024,512,8,8,5.233799,1024,64,16,1,470.380435,1.009272,3.637111,6.758555,1.2913287269916174,205.155342,158.871508,6.12977,7.958917,1119.83689,1111.003623,8.833266999999978,0.007950709446066295
Medium Asymmetric,2,1024,2048,1,1,1,0.040626,512,8,16,1,18.812984,0.003456,0.037158,0.228883,5.633904396199478,103.241865,18.325101,0.043179,0.275745,99.792911,100.456987,0.6640759999999943,0.006610550642933322
Medium Asymmetric,2,1024,2048,1,2,2,0.023867,1024,8,16,1,15.189467,0.003863,0.020024,0.128754,5.394645326182595,175.73654,32.576106,0.028549,0.189372,99.792911,100.456987,0.6640759999999943,0.006610550642933322
Medium Asymmetric,2,1024,2048,1,4,4,0.016403,512,8,16,1,15.987561,0.003944,0.01245,0.064458,3.9296470157897945,255.703469,65.07034,0.061164,0.08986,99.792911,100.456987,0.6640759999999943,0.006610550642933322
Medium Asymmetric,2,1024,2048,1,8,8,1.494829,256,8,16,1,24.105281,0.005522,1.488817,0.033266,0.022254050463297138,2.805875,126.083809,6.441478,0.040939,99.792911,100.456987,0.6640759999999943,0.006610550642933322
Medium Asymmetric,2,1024,2048,8,1,1,0.328894,128,8,16,1,35.208239,0.027591,0.30138,1.580113,4.804322973359198,102.022025,21.235464,0.965545,2.99418,453.469331,453.421881,0.04745000000002619,0.00010464867706732087
Medium Asymmetric,2,1024,2048,8,2,2,0.184388,512,8,16,1,23.62382,0.029205,0.155217,1.535126,8.325520098921839,181.977309,21.857771,0.195786,2.059064,453.469331,453.421881,0.04745000000002619,0.00010464867706732087
Medium Asymmetric,2,1024,2048,8,4,2,0.186876,1024,8,16,1,19.311094,0.02928,0.157566,1.523734,8.15371690318714,179.554528,22.021187,0.449657,3.415209,453.469331,453.421881,0.04745000000002619,0.00010464867706732087
Medium Asymmetric,2,1024,2048,8,8,2,0.184141,1024,8,16,1,90.814363,0.0293,0.154901,1.517231,8.239506682379263,182.221406,22.115572,0.194745,2.282135,453.469331,453.421881,0.04745000000002619,0.00010464867706732087
Medium Asymmetric,2,1024,2048,32,1,1,1.307502,256,8,16,1,224.516961,0.109448,1.194736,1.721559,1.3166779094792973,102.652025,77.962898,1.636515,2.303474,6812.506837,6815.788134,3.2812970000004498,0.0004814259092990242
Medium Asymmetric,2,1024,2048,32,2,2,0.745033,128,32,16,1,114.090201,0.113652,0.603492,1.693254,2.2727234901004385,180.150044,79.266151,1.001655,2.399243,6812.506837,6815.788134,3.2812970000004498,0.0004814259092990242
Medium Asymmetric,2,1024,2048,32,4,2,0.731762,1024,32,16,1,208.661699,0.109605,0.622413,1.707271,2.3330960066251047,183.417188,78.615362,0.891712,2.648009,6812.506837,6815.788134,3.2812970000004498,0.0004814259092990242
Medium Asymmetric,2,1024,2048,32,8,2,0.727405,1024,32,16,1,209.645441,0.109661,0.617474,1.792826,2.4646874849636724,184.515817,74.863778,0.879074,2.966934,6812.506837,6815.788134,3.2812970000004498,0.0004814259092990242
Medium Asymmetric,2,1024,2048,128,1,1,6.015738,128,16,16,1,524.377128,0.470632,5.233888,5.214653,0.8668351248009805,89.244397,102.954293,7.40867,8.092284,-8370.281891,-8378.519069,8.237177999999403,0.0009831305427801017
Medium Asymmetric,2,1024,2048,128,2,2,3.053621,512,64,16,1,274.604555,0.454299,2.576632,7.865209,2.5756991453752773,175.814521,68.258951,3.790863,12.711407,-8370.281891,-8378.519069,8.237177999999403,0.0009831305427801017
Medium Asymmetric,2,1024,2048,128,4,2,3.596081,1024,64,16,1,355.955351,0.464797,2.790382,15.115429,4.203306043440067,149.293331,35.518073,3.990437,19.50743,-8370.281891,-8378.519069,8.237177999999403,0.0009831305427801017
Medium Asymmetric,2,1024,2048,128,8,2,3.001105,1024,64,16,1,552.263858,0.440007,2.525652,12.540897,4.178759823465024,178.891079,42.80961,3.313111,19.481236,-8370.281891,-8378.519069,8.237177999999403,0.0009831305427801017
Medium Asymmetric,2,1024,2048,512,1,1,31.389308,256,16,16,1,3059.055634,3.04421,27.731405,16.636964,0.5300200947405402,68.414495,129.079058,56.625206,24.625887,-12394.512341,-12394.571649,0.05930799999987357,4.7849979555089e-06
Medium Asymmetric,2,1024,2048,512,2,2,13.924624,256,8,16,1,937.65621,1.912992,11.978405,17.608543,1.2645614703851251,154.222021,121.956919,15.170258,33.479142,-12394.512341,-12394.571649,0.05930799999987357,4.7849979555089e-06
Medium Asymmetric,2,1024,2048,512,4,4,9.470949,128,64,16,1,647.397447,2.014056,6.922872,11.376668,1.2012173225724265,226.744294,188.762092,10.551635,16.941111,-12394.512341,-12394.571649,0.05930799999987357,4.7849979555089e-06
Medium Asymmetric,2,1024,2048,512,8,8,11.789018,512,16,16,1,984.292847,3.102575,8.017913,15.340106,1.3012199998337435,182.159672,139.991448,12.616931,20.371056,-12394.512341,-12394.571649,0.05930799999987357,4.7849979555089e-06
K Expansion,2,1024,4096,1,1,1,0.080653,128,8,16,1,31.678895,0.006873,0.073784,0.524141,6.498716724734355,104.00863,16.004487,0.083966,1.243534,-1717.024839,-1717.936185,0.9113460000000941,0.0005304888551492348
K Expansion,2,1024,4096,1,2,2,0.047434,128,8,16,1,28.749476,0.007239,0.040112,0.265466,5.5965341316355355,176.847999,31.599557,0.065467,0.379315,-1717.024839,-1717.936185,0.9113460000000941,0.0005304888551492348
K Expansion,2,1024,4096,1,4,4,0.030532,128,8,16,1,29.906897,0.007419,0.023168,0.124141,4.065930826673654,274.748068,67.573227,0.031799,0.141873,-1717.024839,-1717.936185,0.9113460000000941,0.0005304888551492348
K Expansion,2,1024,4096,1,8,2,0.05076,1024,8,16,1,92.209584,0.007544,0.043146,3.410556,67.18983451536643,165.260205,2.459601,0.058324,7.47169,-1717.024839,-1717.936185,0.9113460000000941,0.0005304888551492348
K Expansion,2,1024,4096,8,1,1,0.65592,128,8,16,1,48.86497,0.054905,0.601085,6.458098,9.845862300280523,102.312575,10.391429,0.687996,8.759606,814.936661,813.499565,1.4370959999999968,0.0017665602562430343
K Expansion,2,1024,4096,8,2,2,0.368151,256,8,16,1,37.861752,0.057042,0.308745,6.335051,17.20775171057528,182.286247,10.593263,0.553733,9.767925,814.936661,813.499565,1.4370959999999968,0.0017665602562430343
K Expansion,2,1024,4096,8,4,2,0.389962,1024,8,16,1,49.87422,0.057665,0.330796,5.558606,14.254224770618677,172.090778,12.072966,0.733309,8.907694,814.936661,813.499565,1.4370959999999968,0.0017665602562430343
K Expansion,2,1024,4096,8,8,2,0.390622,1024,8,16,1,163.443136,0.059437,0.33157,6.34912,16.253872029737188,171.800011,10.56979,0.41456,10.287968,814.936661,813.499565,1.4370959999999968,0.0017665602562430343
K Expansion,2,1024,4096,32,1,1,3.964097,256,16,16,1,348.780368,0.229671,3.720343,4.373806,1.103354938085521,67.716672,61.373425,4.627809,5.518542,4108.679024,4114.598651,5.919627000000219,0.0014386888010478323
K Expansion,2,1024,4096,32,2,2,1.557944,256,16,16,1,227.000632,0.230017,1.336035,3.93519,2.525886681421155,172.301094,68.214103,1.868693,4.993726,4108.679024,4114.598651,5.919627000000219,0.0014386888010478323
K Expansion,2,1024,4096,32,4,4,2.11513,128,16,16,1,243.210377,0.319832,1.623411,4.041209,1.910619678223088,126.912037,66.424542,3.47649,5.155851,4108.679024,4114.598651,5.919627000000219,0.0014386888010478323
K Expansion,2,1024,4096,32,8,2,1.636403,1024,8,16,1,445.145895,0.227793,1.398337,4.535395,2.771563606275471,164.039944,59.186787,2.261666,7.54261,4108.679024,4114.598651,5.919627000000219,0.0014386888010478323
K Expansion,2,1024,4096,128,1,1,13.206986,128,8,16,1,1061.933909,0.935409,12.295081,7.172815,0.5431076401534763,81.30105,149.696015,16.631674,8.538782,-215.503727,-217.194286,1.6905590000000075,0.007783625578437213
K Expansion,2,1024,4096,128,2,2,6.181617,256,8,16,1,597.887939,0.899693,5.114208,6.154789,0.9956600352302641,173.699183,174.456318,7.691498,8.278449,-215.503727,-217.194286,1.6905590000000075,0.007783625578437213
K Expansion,2,1024,4096,128,4,4,8.124503,1024,8,16,1,660.803633,1.296716,6.754454,6.642968,0.8176460763199914,132.160924,161.635857,9.066463,7.590175,-215.503727,-217.194286,1.6905590000000075,0.007783625578437213
K Expansion,2,1024,4096,128,8,4,8.238093,512,64,16,1,709.631886,1.078637,6.705045,6.427357,0.7801996165860231,130.338638,167.058065,9.255445,8.385679,-215.503727,-217.194286,1.6905590000000075,0.007783625578437213
K Expansion,2,1024,4096,512,1,1,51.19081,512,16,16,1,3949.930672,3.850015,47.216489,14.919863,0.291455888273696,83.90114,287.869084,57.150653,16.494094,2280.080367,2298.041371,17.961003999999775,0.00781578792560379
K Expansion,2,1024,4096,512,2,2,25.728844,128,16,16,1,1855.654341,4.062464,21.495421,16.521192,0.6421272560865929,166.931996,259.967156,33.045955,24.375356,2280.080367,2298.041371,17.961003999999775,0.00781578792560379
K Expansion,2,1024,4096,512,4,4,22.843243,256,8,16,1,1791.485425,4.003948,18.563709,14.536228,0.6363469495115032,188.019157,295.466423,27.845793,21.24223,2280.080367,2298.041371,17.961003999999775,0.00781578792560379
K Expansion,2,1024,4096,512,8,8,17.123012,128,8,16,1,1344.239581,4.499011,12.713508,16.010365,0.9350203690799259,250.830128,268.261673,18.390373,18.324577,2280.080367,2298.041371,17.961003999999775,0.00781578792560379
Medium Asymmetric,2,2048,1024,1,1,1,0.039944,1024,8,16,1,24.694238,0.001747,0.0382,0.257366,6.443170438614059,105.004606,16.29704,0.040262,0.314316,-180.544536,-179.688037,0.8564989999999852,0.004766588885380195
Medium Asymmetric,2,2048,1024,1,2,2,0.023634,1024,8,16,1,17.525968,0.002008,0.021425,0.119662,5.0631293898620635,177.46907,35.051261,0.026038,0.147184,-180.544536,-179.688037,0.8564989999999852,0.004766588885380195
Medium Asymmetric,2,2048,1024,1,4,4,0.015114,1024,8,16,1,18.201457,0.002204,0.012101,0.065456,4.330819108111684,277.511182,64.07822,0.015573,0.09599,-180.544536,-179.688037,0.8564989999999852,0.004766588885380195
Medium Asymmetric,2,2048,1024,1,8,8,0.020493,128,8,16,1,20.146938,0.003523,0.017128,0.037763,1.84272678475577,204.670082,111.069142,0.02165,0.075616,-180.544536,-179.688037,0.8564989999999852,0.004766588885380195
Medium Asymmetric,2,2048,1024,8,1,1,0.32252,128,8,16,1,21.86867,0.01413,0.308372,3.354668,10.401426268138412,104.038298,10.002311,0.487976,5.965968,1173.442968,1173.174253,0.2687150000001566,0.00022904952040415824
Medium Asymmetric,2,2048,1024,8,2,2,0.172583,256,8,16,1,18.835023,0.014402,0.158068,1.610514,9.331822948957894,194.424897,20.834611,0.489656,2.783765,1173.442968,1173.174253,0.2687150000001566,0.00022904952040415824
Medium Asymmetric,2,2048,1024,8,4,4,0.228807,128,8,16,1,21.801048,0.023789,0.205087,1.604472,7.012337909242286,146.649499,20.913068,0.268046,2.388284,1173.442968,1173.174253,0.2687150000001566,0.00022904952040415824
Medium Asymmetric,2,2048,1024,8,8,4,0.239556,1024,8,16,1,74.938326,0.024282,0.215119,1.625145,6.783987877573511,140.069261,20.647039,0.313012,3.325342,1173.442968,1173.174253,0.2687150000001566,0.00022904952040415824
Medium Asymmetric,2,2048,1024,32,1,1,1.291926,256,8,16,1,147.213797,0.056427,1.235499,1.975586,1.5291789158202562,103.889641,67.938185,1.367887,3.179144,2198.364833,2205.122166,6.757333000000017,0.0030643803342005026
Medium Asymmetric,2,2048,1024,32,2,2,0.686918,256,32,16,1,115.480648,0.055069,0.630682,2.434557,3.5441741226754866,195.391194,55.130247,0.99277,3.056132,2198.364833,2205.122166,6.757333000000017,0.0030643803342005026
Medium Asymmetric,2,2048,1024,32,4,4,0.975674,1024,8,16,1,137.780644,0.079198,0.885765,1.850305,1.8964377445745197,137.564113,72.538164,1.211403,3.950814,2198.364833,2205.122166,6.757333000000017,0.0030643803342005026
Medium Asymmetric,2,2048,1024,32,8,4,0.896244,1024,64,16,1,360.239879,0.067708,0.83501,1.746055,1.9481915639044722,149.75579,76.86913,1.006936,4.151624,2198.364833,2205.122166,6.757333000000017,0.0030643803342005026
Medium Asymmetric,2,2048,1024,128,1,1,5.575916,512,64,16,1,428.780547,0.220716,5.348447,7.981807,1.431479061018853,96.283895,67.261826,6.794784,12.835999,8046.911505,8043.158717,3.752787999999782,0.0004665813683457345
Medium Asymmetric,2,2048,1024,128,2,2,2.671954,128,16,16,1,256.940319,0.219062,2.453154,8.147768,3.0493668678427843,200.928202,65.891777,2.714791,10.139054,8046.911505,8043.158717,3.752787999999782,0.0004665813683457345
Medium Asymmetric,2,2048,1024,128,4,4,3.687372,256,16,16,1,299.535571,0.317457,3.434251,7.974031,2.162524149990834,145.597166,67.327417,4.638633,11.359377,8046.911505,8043.158717,3.752787999999782,0.0004665813683457345
Medium Asymmetric,2,2048,1024,128,8,4,2.319228,1024,64,16,1,458.688004,0.23797,2.095513,7.407613,3.193999468788752,231.486905,72.475562,3.421569,10.485399,8046.911505,8043.158717,3.752787999999782,0.0004665813683457345
Medium Asymmetric,2,2048,1024,512,1,1,34.518457,256,8,16,1,2260.531898,0.90557,33.612887,17.006657,0.4926830014447054,62.21262,126.27312,44.926607,22.283498,-1476.166092,-1468.99993,7.166161999999986,0.004878258911829891
Medium Asymmetric,2,2048,1024,512,2,2,13.005889,128,16,16,1,891.043359,0.955387,12.101954,15.280592,1.1748979250860898,165.116252,140.536679,16.826509,24.026917,-1476.166092,-1468.99993,7.166161999999986,0.004878258911829891
Medium Asymmetric,2,2048,1024,512,4,4,13.157098,512,32,16,1,899.864764,1.168023,12.153864,11.768382,0.8944511928086271,163.21864,182.479091,23.460755,17.059026,-1476.166092,-1468.99993,7.166161999999986,0.004878258911829891
Medium Asymmetric,2,2048,1024,512,8,8,8.144437,128,8,16,1,712.592114,1.241826,7.0601,10.142829,1.2453689555214191,263.674904,211.724327,9.321091,17.978336,-1476.166092,-1468.99993,7.166161999999986,0.004878258911829891
Square,2,2048,2048,1,1,1,0.083335,256,8,16,1,36.757975,0.00358,0.07977,0.310462,3.7254694906101875,100.661283,27.019758,0.261473,0.341893,-1909.791938,-1909.70225,0.08968800000002375,4.696438934395336e-05
Square,2,2048,2048,1,2,2,0.108604,512,8,16,1,36.214251,0.005865,0.102665,0.163542,1.5058561378954733,77.240323,51.293295,0.109298,0.188922,-1909.791938,-1909.70225,0.08968800000002375,4.696438934395336e-05
Square,2,2048,2048,1,4,4,0.064541,512,8,16,1,34.923563,0.005794,0.05844,0.086496,1.3401713639392014,129.973319,96.982612,0.102189,0.099541,-1909.791938,-1909.70225,0.08968800000002375,4.696438934395336e-05
Square,2,2048,2048,1,8,4,0.073861,1024,8,16,1,106.671587,0.01131,0.062339,0.054905,0.7433557628518433,113.5729,152.784045,0.076803,0.098035,-1909.791938,-1909.70225,0.08968800000002375,4.696438934395336e-05
Square,2,2048,2048,8,1,1,0.614063,128,8,16,1,39.295959,0.027312,0.586745,3.437267,5.597580378560505,109.286611,19.523902,0.636797,4.710432,1545.870428,1548.450107,2.579678999999942,0.0016659748921441626
Square,2,2048,2048,8,2,2,0.333297,128,8,16,1,32.70899,0.029259,0.30422,3.389099,10.168405356183824,201.348539,19.801388,0.33792,4.380795,1545.870428,1548.450107,2.579678999999942,0.0016659748921441626
Square,2,2048,2048,8,4,4,3.916122,512,8,16,1,104.400773,0.028143,3.887979,3.40867,0.87041976731062,17.136561,19.687698,7.724719,3.942758,1545.870428,1548.450107,2.579678999999942,0.0016659748921441626
Square,2,2048,2048,8,8,4,0.457774,1024,8,16,1,240.021449,0.047466,0.418291,3.382025,7.387979658084557,146.598243,19.842805,0.547774,4.311129,1545.870428,1548.450107,2.579678999999942,0.0016659748921441626
Square,2,2048,2048,32,1,1,2.659968,128,32,16,1,309.549488,0.112919,2.546685,6.355095,2.389162200447524,100.916799,42.239409,12.764255,18.504241,14596.889965,14605.283249,8.393283999999767,0.0005746745103744867
Square,2,2048,2048,32,2,2,2.092702,128,32,16,1,325.03632,0.123669,1.980038,5.524478,2.6398780141654186,128.272184,48.590194,5.065627,6.67531,14596.889965,14605.283249,8.393283999999767,0.0005746745103744867
Square,2,2048,2048,32,4,4,1.783585,1024,8,16,1,454.538116,0.119448,1.633995,5.558904,3.11670259617568,150.503316,48.289277,1.89157,6.679562,14596.889965,14605.283249,8.393283999999767,0.0005746745103744867
Square,2,2048,2048,32,8,4,0.745403,1024,8,16,1,441.645607,0.109103,0.626306,5.647536,7.5764868131735446,360.121244,47.531429,0.80425,6.026641,14596.889965,14605.283249,8.393283999999767,0.0005746745103744867
Square,2,2048,2048,128,1,1,9.97726,128,32,16,1,787.564346,0.439772,9.526707,11.046615,1.107179225558921,107.618908,97.200982,10.259851,13.769717,-16502.803841,-16500.610774,2.1930670000001555,0.00013290823170350574
Square,2,2048,2048,128,2,2,5.358303,256,16,16,1,466.354093,0.440753,4.921173,15.942322,2.975255785273808,200.388411,67.351658,5.799952,18.891399,-16502.803841,-16500.610774,2.1930670000001555,0.00013290823170350574
Square,2,2048,2048,128,4,4,9.036054,128,64,16,1,526.957317,0.558146,8.404164,13.792712,1.5264087620547642,118.82862,77.848492,18.878395,17.383605,-16502.803841,-16500.610774,2.1930670000001555,0.00013290823170350574
Square,2,2048,2048,128,8,8,4.743864,1024,8,16,1,553.380403,0.656306,4.087558,9.450578,1.9921688311469299,226.343298,113.616524,6.943238,13.014805,-16502.803841,-16500.610774,2.1930670000001555,0.00013290823170350574
Square,2,2048,2048,512,1,1,50.021686,512,16,16,1,3851.739369,1.857745,48.174325,20.567673,0.41117512512473087,85.862106,208.821255,55.024668,26.054105,-28761.427141,-28749.980778,11.44636299999911,0.00039813463140671285
Square,2,2048,2048,512,2,2,25.500529,256,8,16,1,1781.745993,1.921832,22.989406,16.600021,0.6509677112972834,168.426596,258.732642,26.19944,19.069653,-28761.427141,-28749.980778,11.44636299999911,0.00039813463140671285
Square,2,2048,2048,512,4,4,22.532695,1024,64,16,1,1643.063159,2.996446,19.215543,16.875195,0.7489204021090243,190.610457,254.513639,31.60874,18.822246,-28761.427141,-28749.980778,11.44636299999911,0.00039813463140671285
Square,2,2048,2048,512,8,8,15.780407,1024,8,16,1,1144.629642,2.462741,13.719124,15.223841,0.9647305674688872,272.170882,282.121135,17.091759,17.022491,-28761.427141,-28749.980778,11.44636299999911,0.00039813463140671285
Medium Asymmetric,2,2048,4096,1,1,1,0.166433,128,8,16,1,89.296936,0.007123,0.159334,1.004817,6.0373663876755215,100.804624,16.696788,0.645072,1.095994,-3417.612093,-3418.576143,0.9640499999995882,0.0002820033720686935
Medium Asymmetric,2,2048,4096,1,2,2,0.088274,256,8,16,1,61.357074,0.007849,0.080776,0.528858,5.991095905929266,190.058409,31.72348,0.22651,0.749568,-3417.612093,-3418.576143,0.9640499999995882,0.0002820033720686935
Medium Asymmetric,2,2048,4096,1,4,4,0.120906,1024,8,16,1,65.571166,0.013008,0.108231,0.271843,2.248383041370982,138.762477,61.716564,0.147744,0.325657,-3417.612093,-3418.576143,0.9640499999995882,0.0002820033720686935
Medium Asymmetric,2,2048,4096,1,8,4,0.120245,1024,8,16,1,160.793248,0.010983,0.109146,0.211667,1.7602977254771508,139.525269,79.262313,0.269354,0.2476,-3417.612093,-3418.576143,0.9640499999995882,0.0002820033720686935
Medium Asymmetric,2,2048,4096,8,1,1,1.278063,128,8,16,1,90.884598,0.05498,1.222982,7.866137,6.154733373863417,105.01652,17.062724,1.414804,8.70086,1970.208529,1970.240132,0.03160299999990457,1.6040176771662963e-05
Medium Asymmetric,2,2048,4096,8,2,2,0.674501,128,8,16,1,69.779057,0.056431,0.61756,7.682571,11.390006834682232,198.988182,17.470418,1.423612,8.558525,1970.208529,1970.240132,0.03160299999990457,1.6040176771662963e-05
Medium Asymmetric,2,2048,4096,8,4,4,0.890993,128,8,16,1,83.550342,0.082437,0.819653,8.105165,9.09677741575972,150.638364,16.559531,1.372873,8.832849,1970.208529,1970.240132,0.03160299999990457,1.6040176771662963e-05
Medium Asymmetric,2,2048,4096,8,8,4,0.907114,1024,8,16,1,164.533429,0.082685,0.824251,7.889581,8.697452580381297,147.961257,17.012022,0.97543,9.945255,1970.208529,1970.240132,0.03160299999990457,1.6040176771662963e-05
Medium Asymmetric,2,2048,4096,32,1,1,5.31831,256,64,16,1,600.935147,0.225844,5.012072,12.591874,2.367645737085653,100.947653,42.6363,7.251379,32.22402,8584.283105,8588.185388,3.902282999999443,0.0004543780581928261
Medium Asymmetric,2,2048,4096,32,2,2,2.662808,256,8,16,1,457.041098,0.228082,2.411531,9.229087,3.4659228153137587,201.618334,58.171617,3.597964,11.885321,8584.283105,8588.185388,3.902282999999443,0.0004543780581928261
Medium Asymmetric,2,2048,4096,32,4,4,3.669298,256,32,16,1,603.761571,0.253284,3.313071,9.567124,2.607344511129922,146.314339,56.116228,3.868677,10.745157,8584.283105,8588.185388,3.902282999999443,0.0004543780581928261
Medium Asymmetric,2,2048,4096,32,8,4,3.262756,1024,32,16,1,569.550981,0.260994,2.987919,17.303687,5.303395963412526,164.545223,31.026388,4.798257,20.501123,8584.283105,8588.185388,3.902282999999443,0.0004543780581928261
Medium Asymmetric,2,2048,4096,128,1,1,23.562116,256,32,16,1,1697.953876,0.964839,22.471122,21.611212,0.9172016638913075,91.141375,99.368959,23.91802,28.893804,-3634.66508,-3652.878434,18.21335399999998,0.004986027958246579
Medium Asymmetric,2,2048,4096,128,2,2,12.740125,256,8,16,1,1085.803999,0.979725,11.85305,20.400221,1.601257522983487,168.560642,105.267666,15.185843,25.64519,-3634.66508,-3652.878434,18.21335399999998,0.004986027958246579
Medium Asymmetric,2,2048,4096,128,4,4,9.162234,128,64,16,1,1036.345184,0.994625,8.167609,17.827498,1.9457588618670947,234.384283,120.45906,11.112069,20.800372,-3634.66508,-3652.878434,18.21335399999998,0.004986027958246579
Medium Asymmetric,2,2048,4096,128,8,8,8.342933,512,16,16,1,1055.529782,1.315688,6.951997,18.439669,2.210214201648269,257.401522,116.459989,9.002048,25.901077,-3634.66508,-3652.878434,18.21335399999998,0.004986027958246579
Medium Asymmetric,2,2048,4096,512,1,1,107.020965,256,64,16,1,7766.21112,3.981422,100.99716,37.162103,0.3472413372463984,80.264036,231.147699,128.581447,37.807377,8391.986068,8405.948697,13.962628999999652,0.001661041424745166
Medium Asymmetric,2,2048,4096,512,2,2,48.256273,128,8,16,1,3555.914183,4.211898,43.910889,37.982395,0.7870975655330862,178.00659,226.155686,50.550271,40.087085,8391.986068,8405.948697,13.962628999999652,0.001661041424745166
Medium Asymmetric,2,2048,4096,512,4,4,28.303975,1024,32,16,1,2745.264594,3.75871,24.249687,38.935853,1.3756319739541885,303.48863,220.617604,30.731084,45.035705,8391.986068,8405.948697,13.962628999999652,0.001661041424745166
Medium Asymmetric,2,2048,4096,512,8,8,29.065601,256,32,16,1,2127.298455,5.173901,23.220141,32.707751,1.1253079198327949,295.536108,262.62688,29.821372,44.321439,8391.986068,8405.948697,13.962628999999652,0.001661041424745166
K Expansion,2,2048,8192,1,1,1,0.370534,1024,8,16,1,127.15466,0.014219,0.356293,1.987623,5.364212191053992,90.556958,16.881688,0.410037,2.978856,-67.745652,-67.447981,0.29767100000000823,0.004413341890841895
K Expansion,2,2048,8192,1,2,2,0.190754,512,8,16,1,126.684153,0.014302,0.170928,0.988102,5.179980498443021,175.904212,33.95847,0.255504,1.101068,-67.745652,-67.447981,0.29767100000000823,0.004413341890841895
K Expansion,2,2048,8192,1,4,4,0.342379,128,8,16,1,166.093629,0.02223,0.318225,0.542612,1.5848285087578384,98.003768,61.838721,1.020164,0.74551,-67.745652,-67.447981,0.29767100000000823,0.004413341890841895
K Expansion,2,2048,8192,1,8,4,0.356566,1024,8,16,1,337.322232,0.020691,0.339148,0.777773,2.181287615756971,94.104407,43.141678,0.661143,4.573488,-67.745652,-67.447981,0.29767100000000823,0.004413341890841895
K Expansion,2,2048,8192,8,1,1,2.749292,128,8,16,1,170.228695,0.110549,2.639305,17.00669,6.185843482612977,97.63803,15.784109,2.876198,20.113154,13076.653359,13073.762668,2.8906910000005155,0.00022110627777234448
K Expansion,2,2048,8192,8,2,2,1.388814,128,8,16,1,142.711238,0.110003,1.279057,18.613481,13.402428978970546,193.28395,14.421561,1.777191,21.239613,13076.653359,13073.762668,2.8906910000005155,0.00022110627777234448
K Expansion,2,2048,8192,8,4,4,1.851974,256,8,16,1,159.103455,0.165295,1.715245,18.649644,10.07014353333254,144.945586,14.393597,2.450748,24.869101,13076.653359,13073.762668,2.8906910000005155,0.00022110627777234448
K Expansion,2,2048,8192,8,8,4,1.805218,1024,8,16,1,308.466005,0.129841,1.669847,18.192055,10.077483716648072,148.699745,14.755642,1.926313,22.180696,13076.653359,13073.762668,2.8906910000005155,0.00022110627777234448
K Expansion,2,2048,8192,32,1,1,11.626163,128,32,16,1,1293.306546,0.466724,11.168819,18.282324,1.572515713051675,92.355649,58.731145,12.402863,21.130289,-17103.669371,-17098.469492,5.1998789999997825,0.00030411371043663834
K Expansion,2,2048,8192,32,2,2,5.897236,256,32,16,1,896.471551,0.456486,5.455287,24.869918,4.217215997460505,182.075437,43.174321,6.931795,25.723395,-17103.669371,-17098.469492,5.1998789999997825,0.00030411371043663834
K Expansion,2,2048,8192,32,4,4,4.320944,128,8,16,1,815.274938,0.481934,3.425573,21.946768,5.079160479747018,248.497047,48.924827,4.71321,26.816428,-17103.669371,-17098.469492,5.1998789999997825,0.00030411371043663834
K Expansion,2,2048,8192,32,8,4,5.519515,1024,64,16,1,1221.41429,0.513231,4.853323,22.792552,4.129448330152196,194.535539,47.109329,8.229895,29.044422,-17103.669371,-17098.469492,5.1998789999997825,0.00030411371043663834
K Expansion,2,2048,8192,128,1,1,54.952467,256,32,16,1,4231.854989,1.887385,52.788226,28.162841,0.5124945709898703,78.157861,152.50476,59.649267,32.672216,-26128.089187,-26131.996914,3.9077269999979762,0.00014953801704700357
K Expansion,2,2048,8192,128,2,2,22.774733,128,64,16,1,2119.271227,1.833524,20.687308,27.774103,1.2195138797016851,188.584749,154.63928,23.775211,30.547857,-26128.089187,-26131.996914,3.9077269999979762,0.00014953801704700357
K Expansion,2,2048,8192,128,4,4,14.714059,1024,32,16,1,1825.887305,1.869786,12.462037,31.201988,2.1205561293454105,291.895479,137.650437,15.516477,37.039089,-26128.089187,-26131.996914,3.9077269999979762,0.00014953801704700357
K Expansion,2,2048,8192,128,8,8,16.656866,128,64,16,1,1608.491772,2.655803,14.206252,28.707692,1.7234749922344335,257.849664,149.610331,17.50535,30.51819,-26128.089187,-26131.996914,3.9077269999979762,0.00014953801704700357
K Expansion,2,2048,8192,512,1,1,236.997846,512,64,16,1,16468.858953,8.896673,225.079171,57.023381,0.24060716990651468,72.489558,301.277632,247.6387,59.431794,99163.200486,99166.696766,3.4962799999921117,3.525659434076094e-05
K Expansion,2,2048,8192,512,2,2,96.558942,128,16,16,1,6922.736309,7.837525,89.018406,56.156157,0.5815738639721219,177.921059,305.930286,104.781748,58.544691,99163.200486,99166.696766,3.4962799999921117,3.525659434076094e-05
K Expansion,2,2048,8192,512,4,4,54.231834,128,16,16,1,4295.975758,8.212487,45.679699,59.266827,1.0928420196890263,316.785694,289.873274,54.652277,76.389781,99163.200486,99166.696766,3.4962799999921117,3.525659434076094e-05
K Expansion,2,2048,8192,512,8,8,52.260071,256,64,16,1,3925.720407,7.59196,44.668111,60.200853,1.1519474016788074,328.737961,285.375843,55.110236,65.514335,99163.200486,99166.696766,3.4962799999921117,3.525659434076094e-05
M Expansion,2,4096,1024,1,1,1,0.079084,256,8,16,1,32.073093,0.001786,0.077207,0.585338,7.401471852713571,106.072126,14.331221,0.10978,0.7187,-4978.463862,-4977.927455,0.5364069999995991,0.00010775709466412846
M Expansion,2,4096,1024,1,2,2,0.041576,128,8,16,1,29.920882,0.001895,0.039611,0.275305,6.621728882047336,201.765634,30.470235,0.043319,0.322462,-4978.463862,-4977.927455,0.5364069999995991,0.00010775709466412846
M Expansion,2,4096,1024,1,4,4,0.060769,256,8,16,1,29.497079,0.005248,0.055204,0.126125,2.075482565123665,138.040909,66.510272,0.062837,0.150277,-4978.463862,-4977.927455,0.5364069999995991,0.00010775709466412846
M Expansion,2,4096,1024,1,8,8,1.99146,512,8,16,1,88.936716,0.003205,1.988318,0.066761,0.033523645968284575,4.21229,125.651323,4.480712,0.13569,-4978.463862,-4977.927455,0.5364069999995991,0.00010775709466412846
M Expansion,2,4096,1024,8,1,1,0.652033,512,8,16,1,48.984489,0.014229,0.637442,3.908604,5.994488009042487,102.922496,17.169522,1.423709,4.849597,2473.798008,2473.900507,0.10249899999962508,4.143214317212842e-05
M Expansion,2,4096,1024,8,2,2,0.326857,256,8,16,1,39.179307,0.014468,0.313065,3.918948,11.98979370183291,205.31567,17.124204,0.46306,5.583032,2473.798008,2473.900507,0.10249899999962508,4.143214317212842e-05
M Expansion,2,4096,1024,8,4,4,0.452497,256,8,16,1,36.956162,0.021992,0.433182,4.199709,9.281186394605932,148.307865,15.979408,0.648246,6.064744,2473.798008,2473.900507,0.10249899999962508,4.143214317212842e-05
M Expansion,2,4096,1024,8,8,8,1.86841,1024,8,16,1,88.562953,0.023071,1.843475,3.782058,2.02421203055004,35.917633,17.744007,4.503229,6.513287,2473.798008,2473.900507,0.10249899999962508,4.143214317212842e-05
M Expansion,2,4096,1024,32,1,1,2.560888,256,16,16,1,342.495864,0.054599,2.506289,7.241404,2.827692581635745,104.82124,37.069532,4.045167,8.565269,4813.00101,4822.903372,9.902361999999812,0.002053195188916551
M Expansion,2,4096,1024,32,2,2,1.329913,256,32,16,1,224.64627,0.056784,1.274988,6.240315,4.692273103578956,201.844373,43.016331,2.431576,7.828586,4813.00101,4822.903372,9.902361999999812,0.002053195188916551
M Expansion,2,4096,1024,32,4,4,1.69418,256,8,16,1,258.501366,0.079888,1.62123,5.923052,3.4961172956828674,158.445653,45.320462,2.178435,9.551095,4813.00101,4822.903372,9.902361999999812,0.002053195188916551
M Expansion,2,4096,1024,32,8,8,1.036685,512,64,16,1,352.991709,0.063444,0.967392,6.629989,6.395374679869005,258.936375,40.48807,1.623507,9.810455,4813.00101,4822.903372,9.902361999999812,0.002053195188916551
M Expansion,2,4096,1024,128,1,1,12.890638,128,16,16,1,985.882785,0.232799,12.668466,8.374178,0.6496325472796615,83.296251,128.220564,22.581438,11.900916,16918.433876,16919.862799,1.428922999999486,8.445239875609029e-05
M Expansion,2,4096,1024,128,2,2,6.273243,256,16,16,1,576.069512,0.229881,6.05338,12.807167,2.041554424083365,171.16216,83.839137,6.902299,19.34787,16918.433876,16919.862799,1.428922999999486,8.445239875609029e-05
M Expansion,2,4096,1024,128,4,4,3.521232,256,8,16,1,369.227581,0.227106,3.299898,8.255515,2.3444961876979424,304.933564,130.063579,5.177202,12.392739,16918.433876,16919.862799,1.428922999999486,8.445239875609029e-05
M Expansion,2,4096,1024,128,8,8,4.001629,1024,16,16,1,564.104205,0.261593,3.676124,7.733834,1.9326714195643822,268.32618,138.836937,4.508433,9.440579,16918.433876,16919.862799,1.428922999999486,8.445239875609029e-05
M Expansion,2,4096,1024,512,1,1,50.889143,128,8,16,1,3557.867138,0.922711,49.990519,14.708845,0.2890369955729064,84.398499,291.99895,88.216731,17.915843,-3846.924721,-3838.120112,8.8046089999998,0.0022939899594262097
M Expansion,2,4096,1024,512,2,2,26.823605,1024,32,16,1,1721.205984,0.96743,25.892319,15.08639,0.5624296212235455,160.118944,284.69152,29.813861,16.727912,-3846.924721,-3838.120112,8.8046089999998,0.0022939899594262097
M Expansion,2,4096,1024,512,4,4,13.354431,1024,8,16,1,1302.27606,0.993438,12.297571,14.491598,1.0851527856184962,321.61365,296.376376,14.167918,15.060865,-3846.924721,-3838.120112,8.8046089999998,0.0022939899594262097
M Expansion,2,4096,1024,512,8,8,15.083326,1024,8,16,1,1321.612262,1.332295,13.251505,15.062794,0.9986387617691218,284.749351,285.137491,21.302738,18.838318,-3846.924721,-3838.120112,8.8046089999998,0.0022939899594262097
Medium Asymmetric,2,4096,2048,1,1,1,0.156247,1024,8,16,1,61.911324,0.003477,0.152765,1.037309,6.638905066977286,107.376244,16.173788,0.168278,1.237725,-3745.0565,-3745.861954,0.8054539999998269,0.00021502500890074896
Medium Asymmetric,2,4096,2048,1,2,2,0.079897,512,8,16,1,62.0992,0.003722,0.076211,0.51289,6.419389964579396,209.985556,32.711139,0.083596,0.676693,-3745.0565,-3745.861954,0.8054539999998269,0.00021502500890074896
Medium Asymmetric,2,4096,2048,1,4,4,0.112663,128,8,16,1,75.176552,0.005463,0.107195,0.257841,2.288604066996263,148.915048,65.068069,0.158433,0.296899,-3745.0565,-3745.861954,0.8054539999998269,0.00021502500890074896
Medium Asymmetric,2,4096,2048,1,8,8,4.586351,1024,8,16,1,236.364421,0.004789,4.582344,0.212557,0.046345558811351335,3.658075,78.930433,7.991767,1.586345,-3745.0565,-3745.861954,0.8054539999998269,0.00021502500890074896
Medium Asymmetric,2,4096,2048,8,1,1,1.21914,128,8,16,1,83.904701,0.027535,1.191543,8.520109,6.988622307528258,110.092137,15.753053,1.330152,10.021188,3122.35224,3124.231014,1.8787739999997939,0.0006013556589064044
Medium Asymmetric,2,4096,2048,8,2,2,0.633445,512,8,16,1,66.572369,0.027459,0.60604,8.827468,13.935650293237769,211.88537,15.204556,0.786019,9.646373,3122.35224,3124.231014,1.8787739999997939,0.0006013556589064044
Medium Asymmetric,2,4096,2048,8,4,4,1.018068,256,8,16,1,110.200859,0.029508,0.98856,9.050105,8.889489700098618,131.83572,14.830516,1.401569,10.077523,3122.35224,3124.231014,1.8787739999997939,0.0006013556589064044
Medium Asymmetric,2,4096,2048,8,8,8,4.461556,1024,8,16,1,244.395603,0.045357,4.415379,7.744286,1.7357814179627018,30.083166,17.331195,6.099363,11.168952,3122.35224,3124.231014,1.8787739999997939,0.0006013556589064044
Medium Asymmetric,2,4096,2048,32,1,1,5.020169,128,8,16,1,606.035463,0.109958,4.910747,10.524647,2.0964726486299563,106.942797,51.010824,5.601289,14.571462,31528.607948,31532.060351,3.4524029999993218,0.0001094886588941161
Medium Asymmetric,2,4096,2048,32,2,2,5.131106,256,8,16,1,672.404293,0.165228,4.965878,10.603505,2.066514509737277,104.630641,50.631457,6.893802,12.549551,31528.607948,31532.060351,3.4524029999993218,0.0001094886588941161
Medium Asymmetric,2,4096,2048,32,4,4,3.829372,256,32,16,1,583.405064,0.165826,3.71244,11.091143,2.896334699266616,140.198161,48.405373,4.575307,14.448079,31528.607948,31532.060351,3.4524029999993218,0.0001094886588941161
Medium Asymmetric,2,4096,2048,32,8,8,1.92585,512,8,16,1,718.19425,0.134285,1.775327,12.97001,6.734693771581379,278.770887,41.393254,2.439453,14.593559,31528.607948,31532.060351,3.4524029999993218,0.0001094886588941161
Medium Asymmetric,2,4096,2048,128,1,1,31.353388,1024,16,16,1,2419.832909,0.480826,30.899126,17.69875,0.5644924242317928,68.492874,121.335329,36.870238,24.223205,-31924.163326,-31930.424443,6.261116999998194,0.0001960862440515036
Medium Asymmetric,2,4096,2048,128,2,2,12.162987,256,32,16,1,1036.737306,0.510794,11.652193,18.929264,1.556300602804229,176.558903,113.447815,15.513691,23.728413,-31924.163326,-31930.424443,6.261116999998194,0.0001960862440515036
Medium Asymmetric,2,4096,2048,128,4,4,12.044886,256,32,16,1,1087.051485,0.672322,11.399698,17.796052,1.4774778275194966,178.290077,120.671914,13.291196,32.348564,-31924.163326,-31930.424443,6.261116999998194,0.0001960862440515036
Medium Asymmetric,2,4096,2048,128,8,8,8.124065,512,32,16,1,953.04484,0.661047,7.443911,18.510059,2.2784233016353266,264.336099,116.017115,19.843796,24.904502,-31924.163326,-31930.424443,6.261116999998194,0.0001960862440515036
Medium Asymmetric,2,4096,2048,512,1,1,93.647215,256,32,16,1,7471.425703,1.921353,90.537734,30.806144,0.3289595317917356,91.726536,278.838357,97.591454,42.424785,-49158.859493,-49154.859246,4.000247000003583,8.138049953482686e-05
Medium Asymmetric,2,4096,2048,512,2,2,46.79121,128,64,16,1,3578.517926,1.980362,44.857319,28.906771,0.6177820791554653,183.580091,297.159949,69.262775,32.927386,-49158.859493,-49154.859246,4.000247000003583,8.138049953482686e-05
Medium Asymmetric,2,4096,2048,512,4,4,40.342615,512,8,16,1,2959.577538,2.339941,37.529555,28.769768,0.7131359233901917,212.924586,298.575039,46.328134,30.507773,-49158.859493,-49154.859246,4.000247000003583,8.138049953482686e-05
Medium Asymmetric,2,4096,2048,512,8,8,24.190309,1024,16,16,1,1984.658795,2.197265,22.331624,30.661222,1.2675002208529043,355.098176,280.156303,26.52604,34.480138,-49158.859493,-49154.859246,4.000247000003583,8.138049953482686e-05
Square,2,4096,4096,1,1,1,0.337276,1024,8,16,1,140.921132,0.006923,0.330307,1.332838,3.951772435631352,99.486569,25.175177,0.352874,1.644792,1935.120486,1935.323542,0.20305600000006052,0.00010492095796562191
Square,2,4096,4096,1,2,2,0.16971,128,8,16,1,131.389667,0.007243,0.162273,0.927213,5.463514230157327,197.716292,36.188483,0.186779,1.139044,1935.120486,1935.323542,0.20305600000006052,0.00010492095796562191
Square,2,4096,4096,1,4,4,0.090108,1024,8,16,1,190.784064,0.007511,0.082605,0.632544,7.019842855240379,372.380166,53.046795,0.099854,0.932621,1935.120486,1935.323542,0.20305600000006052,0.00010492095796562191
Square,2,4096,4096,1,8,8,5.23795,512,8,16,1,380.554643,0.008272,5.229436,0.408388,0.07796714363443713,6.406024,82.163119,8.119329,0.466758,1935.120486,1935.323542,0.20305600000006052,0.00010492095796562191
Square,2,4096,4096,8,1,1,2.596042,256,8,16,1,163.675524,0.057005,2.538146,17.020544,6.556343849598735,103.401816,15.771262,3.835805,21.142134,4411.731321,4411.314995,0.41632600000048114,9.437684692033224e-05
Square,2,4096,4096,8,2,2,1.947815,1024,8,16,1,145.72267,0.057939,1.891229,13.286007,6.820979918524089,137.81363,20.204374,5.102479,14.866202,4411.731321,4411.314995,0.41632600000048114,9.437684692033224e-05
Square,2,4096,4096,8,4,4,1.851663,512,8,16,1,168.386998,0.064159,1.78282,15.163377,8.189058700206248,144.96993,17.702881,2.13151,17.373327,4411.731321,4411.314995,0.41632600000048114,9.437684692033224e-05
Square,2,4096,4096,8,8,8,3.396387,128,8,16,1,235.681007,0.092143,3.332768,14.612321,4.302313311174492,79.035592,18.370487,6.444024,14.914621,4411.731321,4411.314995,0.41632600000048114,9.437684692033224e-05
Square,2,4096,4096,32,1,1,11.068736,256,8,16,1,1234.622549,0.229065,10.811228,19.797554,1.7886011555429637,97.006725,54.236085,14.933285,22.680438,16482.504967,16484.771641,2.266673999998602,0.00013750108581189307
Square,2,4096,4096,32,2,2,6.340965,128,64,16,1,851.480414,0.229891,6.114182,17.150189,2.7046654570715973,169.334135,62.608163,8.603235,21.288859,16482.504967,16484.771641,2.266673999998602,0.00013750108581189307
Square,2,4096,4096,32,4,4,3.397322,256,64,16,1,809.390479,0.235643,3.07992,17.572946,5.172587702902463,316.055359,61.101982,4.034512,21.098941,16482.504967,16484.771641,2.266673999998602,0.00013750108581189307
Square,2,4096,4096,32,8,8,4.027285,512,32,16,1,934.591244,0.274744,3.696839,16.740642,4.156805887837588,266.616796,64.139824,5.328914,20.519756,16482.504967,16484.771641,2.266673999998602,0.00013750108581189307
Square,2,4096,4096,128,1,1,47.472862,256,8,16,1,4373.537517,0.923956,46.536378,29.003686,0.6109529692985436,90.472053,148.083499,51.507856,33.224086,-2240.72744,-2269.146993,28.419552999999723,0.012524333191137488
Square,2,4096,4096,128,2,2,21.732056,256,32,16,1,2051.519119,0.929911,20.829841,34.12318,1.570177253362498,197.63281,125.86656,23.241079,43.606916,-2240.72744,-2269.146993,28.419552999999723,0.012524333191137488
Square,2,4096,4096,128,4,4,12.55591,512,8,16,1,1522.247457,0.939774,11.620314,32.710852,2.605215551879553,342.067385,131.300991,15.911704,159.84586,-2240.72744,-2269.146993,28.419552999999723,0.012524333191137488
Square,2,4096,4096,128,8,8,13.951872,256,64,16,1,1576.303077,1.292555,12.702646,29.490142,2.11370502825714,307.84165,145.64078,14.812488,32.873266,-2240.72744,-2269.146993,28.419552999999723,0.012524333191137488
Square,2,4096,4096,512,1,1,227.468223,128,32,16,1,14729.060546,3.75902,223.440934,73.701061,0.3240059645605971,75.526458,233.102061,241.998796,89.549802,14724.814999,14748.715694,23.90069500000027,0.001620527203580406
Square,2,4096,4096,512,2,2,96.335448,256,16,16,1,6908.838026,3.873554,91.44694,69.587657,0.7223473648038673,178.333828,246.880983,105.586919,95.021403,14724.814999,14748.715694,23.90069500000027,0.001620527203580406
Square,2,4096,4096,512,4,4,80.025983,512,16,16,1,5718.320432,4.495437,75.530546,72.267434,0.9030496257696703,214.67864,237.726293,89.904995,143.2317,14724.814999,14748.715694,23.90069500000027,0.001620527203580406
Square,2,4096,4096,512,8,8,49.747645,128,32,16,1,3711.481612,4.036011,44.719093,69.976272,1.4066248161093855,345.340351,245.509923,56.360484,73.758913,14724.814999,14748.715694,23.90069500000027,0.001620527203580406
K Expansion,2,4096,11008,1,1,1,1.115892,128,8,16,1,359.764914,0.01932,1.096842,4.868482,4.36286128048234,80.812064,18.522721,1.306801,5.509393,-2720.349805,-2719.796772,0.5530329999996866,0.00020333614838178305
K Expansion,2,4096,11008,1,2,2,0.554522,1024,8,16,1,337.141458,0.018529,0.53611,2.492611,4.49506241411522,162.622107,36.177942,0.820615,2.647597,-2720.349805,-2719.796772,0.5530329999996866,0.00020333614838178305
K Expansion,2,4096,11008,1,4,4,0.923961,256,8,16,1,371.530944,0.0295,0.893447,1.314828,1.4230340891011635,97.598855,68.585044,1.730113,1.594805,-2720.349805,-2719.796772,0.5530329999996866,0.00020333614838178305
K Expansion,2,4096,11008,1,8,8,0.450313,512,8,16,1,649.406897,0.030513,0.419578,1.415189,3.1426785369287584,200.255236,63.721196,1.00429,2.600071,-2720.349805,-2719.796772,0.5530329999996866,0.00020333614838178305
K Expansion,2,4096,11008,8,1,1,8.411343,256,8,16,1,518.340662,0.155592,7.997051,42.551134,5.0587800307275534,85.767551,16.954197,10.169566,46.125871,27648.894952,27650.916941,2.021989000000758,7.312556774573396e-05
K Expansion,2,4096,11008,8,2,2,4.093407,128,8,16,1,415.998968,0.157127,3.942321,46.066619,11.253857483509458,176.23957,15.66037,5.100476,57.462379,27648.894952,27650.916941,2.021989000000758,7.312556774573396e-05
K Expansion,2,4096,11008,8,4,4,2.818198,1024,8,16,1,402.110775,0.156171,2.638455,41.295621,14.653200733234497,255.986374,17.469656,3.686886,44.997989,27648.894952,27650.916941,2.021989000000758,7.312556774573396e-05
K Expansion,2,4096,11008,8,8,8,3.437276,1024,8,16,1,564.706305,0.181874,3.243122,45.224014,13.156934153672848,209.881397,15.952151,4.864653,59.312593,27648.894952,27650.916941,2.021989000000758,7.312556774573396e-05
K Expansion,2,4096,11008,32,1,1,30.247906,128,64,16,1,3328.376325,0.642715,29.306913,45.883821,1.51692553527507,95.401022,62.891038,31.633907,56.430018,-11724.176994,-11749.686834,25.509840000000622,0.0021711080780623827
K Expansion,2,4096,11008,32,2,2,15.693784,256,8,16,1,2561.74334,0.610918,15.093424,51.656802,3.291545365986941,183.874147,55.862559,17.49505,58.264222,-11724.176994,-11749.686834,25.509840000000622,0.0021711080780623827
K Expansion,2,4096,11008,32,4,4,14.445298,128,32,16,1,2388.955715,0.669628,13.768086,50.168376,3.4729900345427285,199.766121,57.519924,15.129611,58.766957,-11724.176994,-11749.686834,25.509840000000622,0.0021711080780623827
K Expansion,2,4096,11008,32,8,8,9.967555,128,16,16,1,2367.935593,0.850292,9.084755,49.411804,4.957264243839135,289.507422,58.400644,13.356288,52.841859,-11724.176994,-11749.686834,25.509840000000622,0.0021711080780623827
K Expansion,2,4096,11008,128,1,1,138.55029,256,64,16,1,11510.677091,2.557828,136.024334,71.452462,0.515714994172874,83.310721,161.544113,158.734458,81.581579,-54982.38746,-54979.921566,2.4658940000008442,4.4850809709517154e-05
K Expansion,2,4096,11008,128,2,2,63.173569,256,32,16,1,6163.744083,2.671429,60.461718,70.026512,1.1084780092129984,182.714461,164.833636,67.574979,78.511803,-54982.38746,-54979.921566,2.4658940000008442,4.4850809709517154e-05
K Expansion,2,4096,11008,128,4,4,37.058301,128,16,16,1,4211.539428,2.725443,34.332858,67.412992,1.819106385907978,311.474738,171.224037,39.817141,70.870054,-54982.38746,-54979.921566,2.4658940000008442,4.4850809709517154e-05
K Expansion,2,4096,11008,128,8,8,33.793475,128,16,16,1,3745.394409,2.782747,31.010728,69.719419,2.0631029806789623,341.566667,165.559679,38.166908,71.571203,-54982.38746,-54979.921566,2.4658940000008442,4.4850809709517154e-05
K Expansion,2,4096,11008,512,1,1,575.60696,128,64,16,1,43561.288082,12.270565,563.307151,149.637295,0.259964360055688,80.212544,308.552079,615.077193,153.432254,56363.962547,56397.617961,33.65541400000075,0.0005967524022605722
K Expansion,2,4096,11008,512,2,2,254.541448,128,16,16,1,18439.292619,10.758195,241.963116,155.17691,0.6096331706261057,181.388527,297.537169,257.830045,174.574081,56363.962547,56397.617961,33.65541400000075,0.0005967524022605722
K Expansion,2,4096,11008,512,4,4,137.221654,128,32,16,1,10539.196681,11.025299,126.383713,145.708526,1.0618479063078485,336.469479,316.871632,150.778888,159.539098,56363.962547,56397.617961,33.65541400000075,0.0005967524022605722
K Expansion,2,4096,11008,512,8,8,129.12049,256,64,16,1,9727.659994,14.171399,111.312765,146.799427,1.1369181374698936,357.579951,314.516885,189.025399,158.59965,56363.962547,56397.617961,33.65541400000075,0.0005967524022605722
K Expansion,2,4096,14336,1,1,1,1.702157,128,8,16,1,527.435181,0.025324,1.676512,6.088893,3.5771629761531987,68.995111,19.287662,3.743367,6.563937,4693.4002,4690.643841,2.756358999999975,0.0005876291386498331
K Expansion,2,4096,14336,1,2,2,0.772007,128,8,16,1,463.317188,0.025145,0.746963,3.130429,4.054923077122358,152.123636,37.515788,0.855048,3.324189,4693.4002,4690.643841,2.756358999999975,0.0005876291386498331
K Expansion,2,4096,14336,1,4,4,1.113735,256,8,16,1,493.140381,0.038215,1.065321,1.772399,1.591401006523096,105.447447,66.260764,1.407123,2.207896,4693.4002,4690.643841,2.756358999999975,0.0005876291386498331
K Expansion,2,4096,14336,1,8,8,0.549425,512,8,16,1,729.369387,0.025427,0.524687,4.099208,7.460905492105383,213.751671,28.649562,0.760379,7.049698,4693.4002,4690.643841,2.756358999999975,0.0005876291386498331
K Expansion,2,4096,14336,8,1,1,13.954472,128,8,16,1,686.248192,0.220429,13.442148,55.236996,3.958372341139098,67.327814,17.008964,16.448783,68.02862,25906.598128,25915.746793,9.148664999996981,0.0003530156808935983
K Expansion,2,4096,14336,8,2,2,5.646837,256,8,16,1,566.929314,0.202464,5.444373,60.249009,10.66951445561471,166.380594,15.594017,6.425359,63.176486,25906.598128,25915.746793,9.148664999996981,0.0003530156808935983
K Expansion,2,4096,14336,8,4,4,6.989343,256,8,16,1,600.850306,0.247684,6.738162,57.464914,8.221790517363363,134.422376,16.349526,9.28991,61.362261,25906.598128,25915.746793,9.148664999996981,0.0003530156808935983
K Expansion,2,4096,14336,8,8,8,4.342569,512,8,16,1,715.750136,0.265376,4.13872,56.014206,12.89886378316614,216.35214,16.772961,9.043681,61.318705,25906.598128,25915.746793,9.148664999996981,0.0003530156808935983
K Expansion,2,4096,14336,32,1,1,49.756302,256,32,16,1,6226.117974,0.810853,48.950379,72.018271,1.4474200876102086,75.530058,52.182541,77.096514,79.158768,17168.263618,17134.185719,34.07789899999989,0.0019888834846823857
K Expansion,2,4096,14336,32,2,2,20.864144,128,16,16,1,3185.832712,0.869618,20.027029,73.170081,3.5069773770733175,180.122241,51.361107,21.719971,85.495809,17168.263618,17134.185719,34.07789899999989,0.0019888834846823857
K Expansion,2,4096,14336,32,4,4,21.302744,256,8,16,1,3298.913917,1.218451,20.0906,69.674422,3.270678275061654,176.413723,53.937963,24.202519,73.966728,17168.263618,17134.185719,34.07789899999989,0.0019888834846823857
K Expansion,2,4096,14336,32,8,8,12.71444,128,32,16,1,2976.595828,0.880982,11.542986,68.987259,5.425898348649252,295.577028,54.475224,13.355723,80.034351,17168.263618,17134.185719,34.07789899999989,0.0019888834846823857
K Expansion,2,4096,14336,128,1,1,184.231084,1024,64,16,1,15052.017208,3.340127,180.918103,91.849136,0.4985539573767041,81.595273,163.663875,212.972394,103.283621,-82152.714282,-82154.820551,2.106268999996246,2.5637801724473588e-05
K Expansion,2,4096,14336,128,2,2,77.177981,128,64,16,1,7184.643687,3.31214,73.823902,87.904212,1.1389804560966683,194.775574,171.008706,87.438419,91.679722,-82152.714282,-82154.820551,2.106268999996246,2.5637801724473588e-05
K Expansion,2,4096,14336,128,4,4,44.827897,128,16,16,1,4517.047532,3.225059,41.504587,89.019579,1.9858076099353934,335.335506,168.86606,52.369139,89.746095,-82152.714282,-82154.820551,2.106268999996246,2.5637801724473588e-05
K Expansion,2,4096,14336,128,8,8,52.530754,128,8,16,1,5260.300114,6.241846,43.836397,95.285299,1.8138955134738783,286.163521,157.761855,66.553551,100.066372,-82152.714282,-82154.820551,2.106268999996246,2.5637801724473588e-05
K Expansion,2,4096,14336,512,1,1,845.793302,512,8,16,1,56231.271115,16.171071,829.625051,204.470998,0.24175055242988908,71.092479,294.073696,912.293309,217.345994,100633.17057,100550.953394,82.21717600000557,0.0008176667970302067
K Expansion,2,4096,14336,512,2,2,327.808357,128,64,16,1,24239.04439,14.796279,313.012078,201.888283,0.6158728985667684,183.428948,297.83572,535.419893,230.316243,100633.17057,100550.953394,82.21717600000557,0.0008176667970302067
K Expansion,2,4096,14336,512,4,4,183.931661,128,32,16,1,14430.274904,13.472315,169.379598,197.580959,1.0742085290036065,326.912408,304.328628,185.626436,203.394574,100633.17057,100550.953394,82.21717600000557,0.0008176667970302067
K Expansion,2,4096,14336,512,8,8,177.8357,128,8,16,1,12875.374085,16.133528,153.676,193.833846,1.0899602610724393,338.118511,310.211779,199.005599,219.922621,100633.17057,100550.953394,82.21717600000557,0.0008176667970302067
M Expansion,2,8192,2048,1,1,1,0.331393,512,8,16,1,147.435465,0.003653,0.327762,2.127546,6.420008871641827,101.252688,15.771425,1.933241,4.520254,1827.293875,1827.212768,0.0811069999999745,4.438837196215044e-05
M Expansion,2,8192,2048,1,2,2,0.167342,1024,8,16,1,123.291114,0.003789,0.163549,1.125329,6.724725412628032,200.514109,29.817442,0.275808,1.179876,1827.293875,1827.212768,0.0811069999999745,4.438837196215044e-05
M Expansion,2,8192,2048,1,4,4,0.213336,128,8,16,1,138.529448,0.006467,0.206731,0.567159,2.6585245809427382,157.284434,59.162302,0.243743,0.731239,1827.293875,1827.212768,0.0811069999999745,4.438837196215044e-05
M Expansion,2,8192,2048,1,8,8,2.076154,128,8,16,1,333.083572,0.004886,2.071867,4.478151,2.156945486702817,16.161822,7.492921,3.459875,7.534882,1827.293875,1827.212768,0.0811069999999745,4.438837196215044e-05
M Expansion,2,8192,2048,8,1,1,2.640779,256,8,16,1,178.527891,0.027834,2.612123,16.623072,6.294760750520964,101.650102,16.148366,4.548926,18.387535,5979.789599,5979.31586,0.4737390000000232,7.922963280284431e-05
M Expansion,2,8192,2048,8,2,2,1.276065,512,8,16,1,140.65499,0.02848,1.246563,15.434613,12.0954755439574,210.361898,17.391784,2.183384,16.722845,5979.789599,5979.31586,0.4737390000000232,7.922963280284431e-05
M Expansion,2,8192,2048,8,4,4,2.015099,1024,8,16,1,177.816307,0.042919,1.973399,15.202409,7.544249190734549,133.212044,17.657429,2.392717,17.491841,5979.789599,5979.31586,0.4737390000000232,7.922963280284431e-05
M Expansion,2,8192,2048,8,8,8,5.015783,1024,8,16,1,318.147925,0.030276,4.986577,16.070649,3.204016003084663,53.518156,16.703461,11.276174,17.845579,5979.789599,5979.31586,0.4737390000000232,7.922963280284431e-05
M Expansion,2,8192,2048,32,1,1,12.986961,512,32,16,1,1379.250353,0.114316,12.873937,18.181532,1.3999835681342232,82.678451,59.05673,16.972403,21.818353,62071.788424,62069.894877,1.8935469999996712,3.050668933388713e-05
M Expansion,2,8192,2048,32,2,2,6.4467,256,8,16,1,884.621068,0.114777,6.326487,19.692452,3.054656180681589,166.556816,54.525552,7.715616,23.615823,62071.788424,62069.894877,1.8935469999996712,3.050668933388713e-05
M Expansion,2,8192,2048,32,4,4,6.131403,256,16,16,1,1009.294899,0.158999,5.94975,30.946108,5.047149567562269,175.121717,34.697152,7.681698,32.334946,62071.788424,62069.894877,1.8935469999996712,3.050668933388713e-05
M Expansion,2,8192,2048,32,8,8,3.494839,512,32,16,1,893.462666,0.158986,3.336248,28.701248,8.212466439798801,307.23642,37.41098,5.003207,31.966636,62071.788424,62069.894877,1.8935469999996712,3.050668933388713e-05
M Expansion,2,8192,2048,128,1,1,51.443101,512,8,16,1,4059.703207,0.458149,50.99974,23.740913,0.46149848159425694,83.489666,180.909946,80.714048,25.486387,-62861.308307,-62857.02447,4.283837000002677,6.815208063256701e-05
M Expansion,2,8192,2048,128,2,2,21.712812,512,16,16,1,1997.08628,0.486393,21.164658,25.627977,1.1803158890704715,197.807971,167.58901,23.485302,27.011705,-62861.308307,-62857.02447,4.283837000002677,6.815208063256701e-05
M Expansion,2,8192,2048,128,4,4,21.587826,1024,8,16,1,1972.936831,0.540576,21.095511,27.106424,1.2556347267205137,198.953211,158.448318,24.263407,36.092149,-62861.308307,-62857.02447,4.283837000002677,6.815208063256701e-05
M Expansion,2,8192,2048,128,8,8,13.996395,256,16,16,1,1630.168401,0.698816,13.321195,26.182471,1.87065819448508,306.862395,164.0398,16.179549,27.372764,-62861.308307,-62857.02447,4.283837000002677,6.815208063256701e-05
M Expansion,2,8192,2048,512,1,1,235.560886,128,64,16,1,14205.16544,1.898139,233.662747,55.015941,0.23355295496723508,72.931757,312.27075,278.044907,58.312797,-105892.538539,-105905.964009,13.425470000001951,0.00012676783716223045
M Expansion,2,8192,2048,512,2,2,86.458379,512,64,16,1,6451.122543,1.976293,84.647921,56.241204,0.650500329181513,198.706816,305.467664,98.103257,59.23364,-105892.538539,-105905.964009,13.425470000001951,0.00012676783716223045
M Expansion,2,8192,2048,512,4,4,49.819444,128,32,16,1,3848.708169,1.898176,48.026084,59.266397,1.18962381434847,344.842652,289.875377,54.817091,80.676652,-105892.538539,-105905.964009,13.425470000001951,0.00012676783716223045
M Expansion,2,8192,2048,512,8,8,42.861514,128,32,16,1,3533.532928,2.251657,39.143632,57.71232,1.3464834676628548,400.822733,297.68114,47.140797,58.208401,-105892.538539,-105905.964009,13.425470000001951,0.00012676783716223045
Square,2,8192,8192,1,1,1,1.573055,256,8,16,1,561.4679,0.014737,1.558436,5.729827,3.6424835749544675,85.322972,23.424394,1.660778,6.056316,7532.862896,7535.926729,3.063833000000159,0.00040656353361422906
Square,2,8192,8192,1,2,2,0.8138,256,8,16,1,486.577585,0.014775,0.798872,3.4807,4.27709510936348,164.927166,38.560556,0.847201,4.019753,7532.862896,7535.926729,3.063833000000159,0.00040656353361422906
Square,2,8192,8192,1,4,4,0.388119,512,8,16,1,505.949263,0.014422,0.373745,2.668,6.874180341596263,345.815917,50.306495,0.401257,3.914571,7532.862896,7535.926729,3.063833000000159,0.00040656353361422906
Square,2,8192,8192,1,8,8,0.683511,1024,8,16,1,676.65022,0.022147,0.661608,2.005006,2.933392439916841,196.365132,66.94131,0.972795,2.317604,7532.862896,7535.926729,3.063833000000159,0.00040656353361422906
Square,2,8192,8192,8,1,1,13.48324,1024,8,16,1,816.357062,0.115584,13.361949,72.990639,5.4134346789050705,79.635297,14.710679,18.39589,84.542748,60006.112554,59996.72654,9.386013999996067,0.0001564421017826428
Square,2,8192,8192,8,2,2,5.772358,128,8,16,1,597.253946,0.113813,5.529421,91.678002,15.882244656343216,186.01442,11.712099,6.477968,127.64656,60006.112554,59996.72654,9.386013999996067,0.0001564421017826428
Square,2,8192,8192,8,4,4,3.228837,512,8,16,1,566.412478,0.110242,3.118771,75.013963,23.232502291072606,332.547547,14.313893,3.918431,97.63737,60006.112554,59996.72654,9.386013999996067,0.0001564421017826428
Square,2,8192,8192,8,8,8,3.961091,512,8,16,1,765.873913,0.136692,3.810074,73.600285,18.580811448159103,271.072243,14.588827,4.981577,83.595878,60006.112554,59996.72654,9.386013999996067,0.0001564421017826428
Square,2,8192,8192,32,1,1,62.606809,256,32,16,1,5686.266591,0.459002,62.069095,111.769358,1.785258820650003,68.602239,38.427055,85.865368,124.392961,-66675.161911,-66672.164233,2.9976779999997234,4.4961462320672575e-05
Square,2,8192,8192,32,2,2,22.206769,128,16,16,1,3493.657349,0.486788,21.719981,102.540136,4.617517118316492,193.408023,41.885719,22.859628,163.136215,-66675.161911,-66672.164233,2.9976779999997234,4.4961462320672575e-05
Square,2,8192,8192,32,4,4,13.016789,128,8,16,1,2764.553847,0.48482,12.494174,104.475375,8.026201776797642,329.955974,41.109853,15.292063,130.202842,-66675.161911,-66672.164233,2.9976779999997234,4.4961462320672575e-05
Square,2,8192,8192,32,8,8,12.895127,128,8,16,1,3042.096028,0.640454,12.064022,104.395573,8.095738258335881,333.069019,41.141278,16.582616,174.853458,-66675.161911,-66672.164233,2.9976779999997234,4.4961462320672575e-05
Square,2,8192,8192,128,1,1,237.980186,128,64,16,1,17087.0099,2.037898,231.735027,131.134693,0.5510319796119497,72.190334,131.009337,282.622325,167.012423,-105710.750214,-105682.925378,27.824835999999777,0.0002632860123854224
Square,2,8192,8192,128,2,2,92.201087,128,64,16,1,8450.671127,1.964571,90.103341,131.298607,1.4240461937287139,186.330441,130.845784,101.635304,133.105701,-105710.750214,-105682.925378,27.824835999999777,0.0002632860123854224
Square,2,8192,8192,128,4,4,51.680467,512,64,16,1,6660.017107,1.956182,49.402732,123.181984,2.3835307834969837,332.424805,139.467385,53.935299,138.289781,-105710.750214,-105682.925378,27.824835999999777,0.0002632860123854224
Square,2,8192,8192,128,8,8,58.469231,128,8,16,1,5938.028918,2.15284,56.21527,141.020705,2.411878907728408,293.827521,121.825155,87.62066,158.149441,-105710.750214,-105682.925378,27.824835999999777,0.0002632860123854224
Square,2,8192,8192,512,1,1,814.130567,128,32,16,1,65906.37465,7.889958,806.240609,272.589255,0.33482252853429584,84.408422,252.098993,934.13073,291.505009,353344.947167,353389.443661,44.4964940000209,0.00012591347817029184
Square,2,8192,8192,512,2,2,349.490627,128,32,16,1,26685.641402,7.963024,341.826761,230.658875,0.6599858685194439,196.627524,297.92687,378.63993,264.910711,353344.947167,353389.443661,44.4964940000209,0.00012591347817029184
Square,2,8192,8192,512,4,4,195.054306,128,32,16,1,15525.580857,7.59643,187.457876,305.307461,1.5652433789387863,352.309458,225.082861,204.471992,419.905805,353344.947167,353389.443661,44.4964940000209,0.00012591347817029184
Square,2,8192,8192,512,8,8,165.82691,512,16,16,1,13399.73523,8.011765,156.638105,292.591242,1.7644376416348833,414.404856,234.865119,167.150811,309.891454,353344.947167,353389.443661,44.4964940000209,0.00012591347817029184
M Expansion,2,11008,4096,1,1,1,1.052163,256,8,16,1,304.621457,0.007548,1.044602,5.170887,4.914530353186721,85.706812,17.439471,2.360019,6.177213,-4422.059023,-4417.914957,4.144065999999839,0.0009380139817842671
M Expansion,2,11008,4096,1,2,2,0.523357,128,8,16,1,280.517539,0.007322,0.51579,2.579946,4.929610189602891,172.305971,34.953265,0.927834,2.701993,-4422.059023,-4417.914957,4.144065999999839,0.0009380139817842671
M Expansion,2,11008,4096,1,4,4,0.720983,512,8,16,1,315.122712,0.007779,0.712535,1.423529,1.9744279684819197,125.075815,63.347874,0.859509,1.590006,-4422.059023,-4417.914957,4.144065999999839,0.0009380139817842671
M Expansion,2,11008,4096,1,8,8,0.445109,512,8,16,1,370.987454,0.011307,0.433791,3.090369,6.942948805798131,202.596524,29.180184,1.347878,6.019983,-4422.059023,-4417.914957,4.144065999999839,0.0009380139817842671
M Expansion,2,11008,4096,8,1,1,9.079,128,8,16,1,423.425767,0.057011,9.022514,48.970143,5.393781583874876,79.460325,14.73184,24.127791,50.919221,13843.604166,13836.984529,6.619636999999784,0.0004784017056697675
M Expansion,2,11008,4096,8,2,2,3.779832,256,8,16,1,307.013024,0.05795,3.712258,48.789861,12.907944321334918,190.860411,14.786275,4.982411,52.595209,13843.604166,13836.984529,6.619636999999784,0.0004784017056697675
M Expansion,2,11008,4096,8,4,4,5.10289,256,8,16,1,325.387164,0.082521,5.019885,47.371841,9.283335717603162,141.374846,15.228884,5.458905,52.14226,13843.604166,13836.984529,6.619636999999784,0.0004784017056697675
M Expansion,2,11008,4096,8,8,8,2.963373,512,8,16,1,392.913841,0.063516,2.907174,47.070741,15.884176915967043,243.445657,15.3263,4.44953,50.43047,13843.604166,13836.984529,6.619636999999784,0.0004784017056697675
M Expansion,2,11008,4096,32,1,1,33.473589,256,64,16,1,2959.750568,0.251609,33.227713,54.150069,1.617695341840996,86.207701,53.290443,44.623746,82.062734,44809.099837,44818.288906,9.189069000000018,0.00020502944722572487
M Expansion,2,11008,4096,32,2,2,16.093755,256,8,16,1,1787.232615,0.231122,15.863769,53.726308,3.3383326638189783,179.304404,53.710766,17.037188,59.658477,44809.099837,44818.288906,9.189069000000018,0.00020502944722572487
M Expansion,2,11008,4096,32,4,4,8.481876,128,32,16,1,1584.013787,0.252386,8.22949,53.640616,6.324145271635662,340.217324,53.79657,11.518068,58.687336,44809.099837,44818.288906,9.189069000000018,0.00020502944722572487
M Expansion,2,11008,4096,32,8,8,9.798567,256,64,16,1,1830.592279,0.320545,9.486316,61.584171,6.285018105198444,294.500324,46.857514,11.446467,66.112504,44809.099837,44818.288906,9.189069000000018,0.00020502944722572487
M Expansion,2,11008,4096,128,1,1,137.292056,256,64,16,1,8294.24453,0.930571,136.361485,66.395285,0.4836061672788992,84.074235,173.848559,153.006863,77.28837,-17414.05522,-17430.686948,16.631728000000294,0.0009541636568665828
M Expansion,2,11008,4096,128,2,2,59.035533,128,64,16,1,4075.301241,0.936228,57.905999,69.902884,1.1840815259514976,195.521646,165.125156,63.224609,73.984954,-17414.05522,-17430.686948,16.631728000000294,0.0009541636568665828
M Expansion,2,11008,4096,128,4,4,31.724321,128,64,16,1,3086.743224,0.957818,30.818421,68.964108,2.1738560771718327,363.844654,167.372927,34.015578,71.037646,-17414.05522,-17430.686948,16.631728000000294,0.0009541636568665828
M Expansion,2,11008,4096,128,8,8,30.593645,256,64,16,1,2747.918603,1.269976,29.323669,68.419299,2.236389256657714,377.291578,168.705684,34.41678,70.612452,-17414.05522,-17430.686948,16.631728000000294,0.0009541636568665828
M Expansion,2,11008,4096,512,1,1,699.034257,512,32,16,1,30018.017908,4.324163,693.611449,170.746143,0.24426005062009426,66.04955,270.406685,895.022199,250.400144,30798.473696,30896.416543,97.94284699999844,0.003170039051735555
M Expansion,2,11008,4096,512,2,2,245.44645,256,32,16,1,12881.96737,3.737848,241.217205,151.193428,0.615993541564769,188.109864,305.376358,249.554169,161.331863,30798.473696,30896.416543,97.94284699999844,0.003170039051735555
M Expansion,2,11008,4096,512,4,4,124.961716,128,64,16,1,7918.02316,3.925642,121.273068,158.244376,1.2663428533583838,369.480349,291.769601,131.369107,175.883593,30798.473696,30896.416543,97.94284699999844,0.003170039051735555
M Expansion,2,11008,4096,512,8,8,105.210208,256,64,16,1,6531.522891,4.387022,100.823186,166.415874,1.5817464594310089,438.844284,277.442874,112.012431,199.204081,30798.473696,30896.416543,97.94284699999844,0.003170039051735555
M Expansion,2,14336,4096,1,1,1,1.524313,512,8,16,1,638.057016,0.007495,1.51695,6.406124,4.2026302996825455,77.04488,18.332538,1.985171,8.053214,-7463.718283,-7458.919486,4.798797000000377,0.0006433635607687503
M Expansion,2,14336,4096,1,2,2,1.03497,256,8,16,1,486.339892,0.007848,1.02732,3.231167,3.1219909755838335,113.472383,36.34616,1.496698,4.054784,-7463.718283,-7458.919486,4.798797000000377,0.0006433635607687503
M Expansion,2,14336,4096,1,4,4,0.968513,256,8,16,1,531.688694,0.010997,0.957613,1.827234,1.8866385892600306,121.258581,64.272289,1.081729,2.026443,-7463.718283,-7458.919486,4.798797000000377,0.0006433635607687503
M Expansion,2,14336,4096,1,8,8,0.541788,512,8,16,1,525.385091,0.007934,0.529825,1.751306,3.2324562374951085,216.764698,67.058819,1.428638,2.513133,-7463.718283,-7458.919486,4.798797000000377,0.0006433635607687503
M Expansion,2,14336,4096,8,1,1,12.31326,128,8,16,1,739.891618,0.057408,12.226468,60.201449,4.889155999304815,76.301816,15.606337,18.5454,67.258142,18721.721042,18709.166793,12.55424900000071,0.0006710212773717886
M Expansion,2,14336,4096,8,2,2,5.618985,256,8,16,1,521.414035,0.057333,5.561722,62.911588,11.19625483961961,167.205304,14.934039,6.732948,69.182599,18721.721042,18709.166793,12.55424900000071,0.0006710212773717886
M Expansion,2,14336,4096,8,4,4,7.150312,1024,8,16,1,562.417385,0.082625,7.06814,63.656453,8.902611941968408,131.396238,14.759291,8.512409,66.13683,18721.721042,18709.166793,12.55424900000071,0.0006710212773717886
M Expansion,2,14336,4096,8,8,8,3.609022,1024,8,16,1,693.531093,0.061583,3.545313,60.112445,16.65615920324121,260.326508,15.629444,3.752572,62.676086,18721.721042,18709.166793,12.55424900000071,0.0006710212773717886
M Expansion,2,14336,4096,32,1,1,68.192173,512,32,16,1,4946.572287,0.228948,67.963554,59.684265,0.8752362972800413,55.110377,62.966284,130.562493,73.673656,60754.178721,60762.693524,8.514803000005486,0.00014013208609065883
M Expansion,2,14336,4096,32,2,2,23.146453,128,64,16,1,3190.600736,0.234877,22.907789,63.093828,2.7258529849044257,162.361654,59.563613,24.666015,71.439361,60754.178721,60762.693524,8.514803000005486,0.00014013208609065883
M Expansion,2,14336,4096,32,4,4,11.879233,1024,16,16,1,2565.672148,0.250496,11.639373,63.012267,5.304405343341612,316.358504,59.640711,13.813146,73.844475,60754.178721,60762.693524,8.514803000005486,0.00014013208609065883
M Expansion,2,14336,4096,32,8,8,12.703062,512,8,16,1,2743.185643,0.31391,12.276459,65.272996,5.138367111803438,295.841773,57.575056,16.30972,71.184917,60754.178721,60762.693524,8.514803000005486,0.00014013208609065883
M Expansion,2,14336,4096,128,1,1,180.112554,256,32,16,1,14519.406925,0.991798,179.092134,95.309783,0.5291679057529771,83.461065,157.721328,191.104806,102.499628,-17692.997127,-17712.726544,19.729417000002286,0.0011138554502601644
M Expansion,2,14336,4096,128,2,2,79.865684,128,64,16,1,7157.836556,0.979799,78.885885,88.038695,1.1023344519280647,188.220833,170.747483,93.542024,97.086831,-17692.997127,-17712.726544,19.729417000002286,0.0011138554502601644
M Expansion,2,14336,4096,128,4,4,43.160573,512,64,16,1,5237.393192,0.910481,42.255471,88.715058,2.0554652506582802,348.289758,169.445705,43.868787,92.089805,-17692.997127,-17712.726544,19.729417000002286,0.0011138554502601644
M Expansion,2,14336,4096,128,8,8,39.255442,128,64,16,1,4661.483763,1.301942,38.280368,94.122098,2.3976827977124797,382.93762,159.711543,62.684648,116.219347,-17692.997127,-17712.726544,19.729417000002286,0.0011138554502601644
M Expansion,2,14336,4096,512,1,1,766.758822,256,64,16,1,51707.417644,5.220928,762.927002,195.677255,0.25520052640489865,78.420411,307.289379,939.360108,199.248218,48651.758969,48717.244627,65.48565799999778,0.0013441987226778507
M Expansion,2,14336,4096,512,2,2,310.784882,256,64,16,1,22573.314398,3.861823,304.547074,201.714594,0.6490489263888969,193.476406,298.092175,322.765357,215.16465,48651.758969,48717.244627,65.48565799999778,0.0013441987226778507
M Expansion,2,14336,4096,512,4,4,172.990374,256,64,16,1,13217.769392,4.078996,167.792248,202.452242,1.1703092913135156,347.588948,297.006057,175.664612,217.474228,48651.758969,48717.244627,65.48565799999778,0.0013441987226778507
M Expansion,2,14336,4096,512,8,8,136.393457,256,32,16,1,11222.113098,5.531978,130.858364,194.400919,1.4252950491606058,440.853568,309.306882,142.532752,212.864262,48651.758969,48717.244627,65.48565799999778,0.0013441987226778507
Square,3,1024,1024,1,1,1,0.030003,384,8,16,1,11.419038,0.00175,0.028275,0.127012,4.2333100023331,69.898077,16.511448,0.0365,0.130352,200.828655,200.350454,0.47820099999998433,0.0023868226422885186
Square,3,1024,1024,1,2,2,0.020786,192,8,16,1,8.45071,0.00202,0.018785,0.068271,3.2844703165592226,100.892524,30.71805,0.02135,0.085835,200.828655,200.350454,0.47820099999998433,0.0023868226422885186
Square,3,1024,1024,1,4,4,0.012999,192,8,16,1,8.024492,0.002057,0.010983,0.035098,2.700053850296176,161.331795,59.751325,0.024761,0.059222,200.828655,200.350454,0.47820099999998433,0.0023868226422885186
Square,3,1024,1024,1,8,8,0.016714,192,8,16,1,11.219055,0.003335,0.013273,0.021709,1.2988512624147421,125.472777,96.602884,0.020531,0.065333,200.828655,200.350454,0.47820099999998433,0.0023868226422885186
Square,3,1024,1024,8,1,1,0.254376,192,8,16,1,30.859927,0.013775,0.240245,0.616942,2.4253152813158474,65.954398,27.194154,1.135828,0.778173,816.83327,815.683649,1.1496210000000247,0.0014093956663339033
Square,3,1024,1024,8,2,2,0.1331,768,8,16,1,9.92375,0.014792,0.117393,0.627424,4.713929376408715,126.049707,26.739838,0.145932,1.626251,816.83327,815.683649,1.1496210000000247,0.0014093956663339033
Square,3,1024,1024,8,4,4,0.077414,384,8,16,1,10.264308,0.015251,0.061545,0.625689,8.082375280956933,216.720697,26.813986,0.089197,0.685896,816.83327,815.683649,1.1496210000000247,0.0014093956663339033
Square,3,1024,1024,8,8,4,0.075931,768,8,16,1,45.353912,0.015188,0.060391,0.609162,8.022573125600875,220.953445,27.541468,0.088927,0.661423,816.83327,815.683649,1.1496210000000247,0.0014093956663339033
Square,3,1024,1024,32,1,1,0.989025,384,8,16,1,85.569562,0.055976,0.932458,1.957588,1.979310937539496,67.853557,34.281403,1.681077,5.590988,591.875684,597.308431,5.432747000000063,0.009095379736905242
Square,3,1024,1024,32,2,2,0.537974,384,8,16,1,64.512746,0.058986,0.476481,0.775515,1.4415473610248823,124.743694,86.534579,0.883831,0.97638,591.875684,597.308431,5.432747000000063,0.009095379736905242
Square,3,1024,1024,32,4,4,0.746336,192,32,16,1,84.622879,0.084033,0.659051,0.787968,1.0557818462461948,89.917764,85.166992,1.080685,2.093693,591.875684,597.308431,5.432747000000063,0.009095379736905242
Square,3,1024,1024,32,8,4,0.730554,768,64,16,1,267.616458,0.067927,0.65668,0.773202,1.058377614796442,91.860238,86.793443,0.836556,0.874826,591.875684,597.308431,5.432747000000063,0.009095379736905242
Square,3,1024,1024,128,1,1,4.102519,768,64,16,1,316.84347,0.231941,3.882711,5.662233,1.3801844671529857,65.431862,47.408055,6.189234,12.337869,2414.128865,2422.446131,8.317266000000018,0.0034334162867706787
Square,3,1024,1024,128,2,2,2.239559,192,16,16,1,151.041188,0.231136,1.975254,5.653122,2.5242121328350806,119.860855,47.484462,4.211308,12.850247,2414.128865,2422.446131,8.317266000000018,0.0034334162867706787
Square,3,1024,1024,128,4,4,2.749338,384,32,16,1,190.491423,0.316349,2.432181,4.382428,1.593993899622382,97.636397,61.252679,3.92341,6.859572,2414.128865,2422.446131,8.317266000000018,0.0034334162867706787
Square,3,1024,1024,128,8,4,2.727911,768,64,16,1,393.96759,0.264093,2.463818,5.101496,1.8701108650538818,98.403304,52.618968,3.153752,7.308216,2414.128865,2422.446131,8.317266000000018,0.0034334162867706787
Square,3,1024,1024,512,1,1,17.770008,384,8,16,1,1234.029845,0.931314,16.006813,4.296613,0.24179015563752135,60.424386,249.904244,22.486942,5.845067,1936.667584,1928.563489,8.104095000000143,0.004202140632768219
Square,3,1024,1024,512,2,2,9.59344,192,8,16,1,528.196188,0.923197,8.583932,3.323302,0.34641400790540205,111.924588,323.094869,25.167293,4.52767,1936.667584,1928.563489,8.104095000000143,0.004202140632768219
Square,3,1024,1024,512,4,4,5.496018,768,16,16,1,407.954687,0.949078,4.531197,3.364062,0.6120907900956656,195.367232,319.180153,7.100628,5.453785,1936.667584,1928.563489,8.104095000000143,0.004202140632768219
Square,3,1024,1024,512,8,8,6.648343,768,8,16,1,442.818032,1.378207,5.173217,3.153211,0.47428524671485817,161.505179,340.523303,7.516687,4.683774,1936.667584,1928.563489,8.104095000000143,0.004202140632768219
Medium Asymmetric,3,1024,2048,1,1,1,0.072263,384,8,16,1,22.09916,0.004288,0.067988,0.250592,3.4677774241312984,58.042207,16.737581,0.075287,0.598509,251.853678,252.822556,0.9688779999999895,0.0038322450944605966
Medium Asymmetric,3,1024,2048,1,2,2,0.040981,768,8,16,1,22.643663,0.004667,0.036328,0.138794,3.386788999780386,102.347527,30.219635,0.043394,0.170434,251.853678,252.822556,0.9688779999999895,0.0038322450944605966
Medium Asymmetric,3,1024,2048,1,4,4,0.046511,192,8,16,1,19.663758,0.007189,0.039274,0.063484,1.3649244264797575,90.178753,66.068679,0.048661,0.108467,251.853678,252.822556,0.9688779999999895,0.0038322450944605966
Medium Asymmetric,3,1024,2048,1,8,8,0.030285,384,8,16,1,25.748022,0.007078,0.023222,0.042883,1.4159815089978536,138.494436,97.808082,0.414353,0.133026,251.853678,252.822556,0.9688779999999895,0.0038322450944605966
Medium Asymmetric,3,1024,2048,8,1,1,1.264609,384,8,16,1,30.167928,0.041346,1.222382,1.927586,1.5242545324286003,26.533444,17.407489,2.285536,4.406251,456.071386,459.924828,3.8534419999999727,0.008378417005137136
Medium Asymmetric,3,1024,2048,8,2,2,0.264123,192,8,16,1,34.206691,0.029598,0.234302,1.730796,6.552992355834213,127.040932,19.386705,0.280953,2.530469,456.071386,459.924828,3.8534419999999727,0.008378417005137136
Medium Asymmetric,3,1024,2048,8,4,4,0.363624,192,8,16,1,24.299066,0.04878,0.322481,2.829044,7.780135524607837,92.277825,11.860696,0.68894,5.434983,456.071386,459.924828,3.8534419999999727,0.008378417005137136
Medium Asymmetric,3,1024,2048,8,8,4,0.367894,768,8,16,1,38.845446,0.048295,0.32096,2.081734,5.658515768128863,91.206793,16.118501,0.463535,6.450308,456.071386,459.924828,3.8534419999999727,0.008378417005137136
Medium Asymmetric,3,1024,2048,32,1,1,1.944561,768,8,16,1,249.959382,0.109846,1.825751,6.897928,3.547293193682276,69.022123,19.457688,3.348556,17.393831,5925.238842,5933.183762,7.944919999999911,0.0013390652167027742
Medium Asymmetric,3,1024,2048,32,2,2,1.077718,192,64,16,1,120.4051,0.113222,0.954434,6.696086,6.213207907820043,124.53882,20.044206,1.543052,13.42857,5925.238842,5933.183762,7.944919999999911,0.0013390652167027742
Medium Asymmetric,3,1024,2048,32,4,4,1.323639,768,16,16,1,205.691876,0.129279,1.184229,5.123657,3.8708870016673727,101.400554,26.19569,1.691523,7.520799,5925.238842,5933.183762,7.944919999999911,0.0013390652167027742
Medium Asymmetric,3,1024,2048,32,8,4,0.623745,768,64,16,1,275.950675,0.113717,0.506775,6.048003,9.69627492003944,215.180447,22.192074,1.55761,7.503606,5925.238842,5933.183762,7.944919999999911,0.0013390652167027742
Medium Asymmetric,3,1024,2048,128,1,1,7.772585,384,32,16,1,530.925698,0.440152,7.332687,8.07547,1.038968374099479,69.072376,66.481692,11.132661,12.429616,-9473.342804,-9480.885663,7.5428589999992255,0.0007955859049577936
Medium Asymmetric,3,1024,2048,128,2,2,5.022665,192,8,16,1,304.564458,0.456561,4.566104,8.567261,1.705720170467272,106.889652,62.665409,7.109486,11.582787,-9473.342804,-9480.885663,7.5428589999992255,0.0007955859049577936
Medium Asymmetric,3,1024,2048,128,4,4,5.517639,192,32,16,1,358.550424,0.653755,4.959124,9.040698,1.6385084272457842,97.30084,59.38379,6.313107,14.659493,-9473.342804,-9480.885663,7.5428589999992255,0.0007955859049577936
Medium Asymmetric,3,1024,2048,128,8,4,4.967389,768,32,16,1,514.853435,0.507618,4.493566,9.269246,1.8660197540397987,108.079096,57.919588,5.761791,11.284256,-9473.342804,-9480.885663,7.5428589999992255,0.0007955859049577936
Medium Asymmetric,3,1024,2048,512,1,1,42.539588,192,32,16,1,2302.399194,1.875963,38.567737,14.768193,0.3471635174275783,50.482004,145.412756,77.555583,19.552873,-16730.619235,-16717.49805,13.121184999999969,0.0007848773160167929
Medium Asymmetric,3,1024,2048,512,2,2,18.242785,384,64,16,1,1005.093084,1.863123,16.398064,13.470345,0.7383930140052628,117.716875,159.423062,19.485717,16.549034,-16730.619235,-16717.49805,13.121184999999969,0.0007848773160167929
Medium Asymmetric,3,1024,2048,512,4,4,11.20972,384,8,16,1,667.358889,1.919424,9.355484,11.990719,1.0696715885856203,191.573353,179.095486,14.041059,15.247068,-16730.619235,-16717.49805,13.121184999999969,0.0007848773160167929
Medium Asymmetric,3,1024,2048,512,8,8,12.61517,384,64,16,1,764.807462,2.302952,9.592512,12.97984,1.0289072600686315,170.230258,165.447621,15.989477,18.432206,-16730.619235,-16717.49805,13.121184999999969,0.0007848773160167929
K Expansion,3,1024,4096,1,1,1,0.118043,384,8,16,1,36.593538,0.006905,0.111125,0.4624,3.9172166075074335,71.064002,18.141453,0.125173,0.671038,-1807.484245,-1808.881432,1.3971869999998034,0.0007724038598013557
K Expansion,3,1024,4096,1,2,2,0.069521,192,8,16,1,32.196877,0.00755,0.061676,0.272803,3.9240373412350227,120.662936,30.749691,0.185809,0.323363,-1807.484245,-1808.881432,1.3971869999998034,0.0007724038598013557
K Expansion,3,1024,4096,1,4,4,0.088086,384,8,16,1,33.447211,0.010594,0.077492,0.134278,1.524396612401517,95.232023,62.471946,0.193135,0.203082,-1807.484245,-1808.881432,1.3971869999998034,0.0007724038598013557
K Expansion,3,1024,4096,1,8,4,0.103985,768,8,16,1,61.086014,0.011335,0.09101,7.735674,74.3922104149637,80.671328,1.084406,0.161268,14.589401,-1807.484245,-1808.881432,1.3971869999998034,0.0007724038598013557
K Expansion,3,1024,4096,8,1,1,0.967976,384,8,16,1,50.806174,0.055964,0.912012,10.370728,10.713827615560717,69.329058,6.470989,1.61525,18.31873,459.73638,461.349335,1.6129549999999995,0.003496168472855823
K Expansion,3,1024,4096,8,2,2,0.535253,192,8,16,1,40.32048,0.057527,0.477383,10.352763,19.341812189749522,125.377838,6.482218,0.663487,17.183002,459.73638,461.349335,1.6129549999999995,0.003496168472855823
K Expansion,3,1024,4096,8,4,4,0.749477,192,8,16,1,43.907954,0.059351,0.690331,13.106901,17.4880630092718,89.540925,5.120117,2.075827,22.03016,459.73638,461.349335,1.6129549999999995,0.003496168472855823
K Expansion,3,1024,4096,8,8,4,0.8381,768,8,16,1,203.307359,0.059928,0.749539,9.907889,11.821845841784992,80.072621,6.773276,2.04156,15.27709,459.73638,461.349335,1.6129549999999995,0.003496168472855823
K Expansion,3,1024,4096,32,1,1,4.295595,384,32,16,1,388.911599,0.232428,4.074342,6.587742,1.5336040758032359,62.490867,40.747718,5.950258,9.414696,4320.04201,4327.421343,7.3793329999998605,0.0017052494811804278
K Expansion,3,1024,4096,32,2,2,2.306929,768,32,16,1,279.039683,0.228156,2.084496,6.441062,2.7920503838653032,116.360519,41.675652,3.087571,8.991201,4320.04201,4327.421343,7.3793329999998605,0.0017052494811804278
K Expansion,3,1024,4096,32,4,4,2.687986,768,16,16,1,332.525911,0.251534,2.441555,5.746478,2.1378377714764882,99.864901,46.71304,3.059138,6.419487,4320.04201,4327.421343,7.3793329999998605,0.0017052494811804278
K Expansion,3,1024,4096,32,8,4,1.158561,768,64,16,1,336.714152,0.22079,0.93784,4.703119,4.059448747195875,231.6973,57.07605,2.2182,6.817674,4320.04201,4327.421343,7.3793329999998605,0.0017052494811804278
K Expansion,3,1024,4096,128,1,1,19.948918,768,32,16,1,1078.118124,0.965992,19.042916,9.259839,0.46417750576748074,53.824565,115.956857,24.856684,17.626788,1278.006733,1276.978094,1.0286389999998846,0.0008055259560309141
K Expansion,3,1024,4096,128,2,2,9.550499,192,8,16,1,587.454339,0.929964,8.622003,8.462713,0.8861016581437263,112.427824,126.879149,9.947371,10.201941,1278.006733,1276.978094,1.0286389999998846,0.0008055259560309141
K Expansion,3,1024,4096,128,4,4,10.583961,192,8,16,1,644.034195,1.299828,9.621031,8.039361,0.7595796129634264,101.449904,133.560593,14.568408,10.365642,1278.006733,1276.978094,1.0286389999998846,0.0008055259560309141
K Expansion,3,1024,4096,128,8,4,6.443088,768,32,16,1,832.862392,0.949334,4.985025,8.170013,1.2680275358647903,166.650188,131.424739,7.75417,12.666982,1278.006733,1276.978094,1.0286389999998846,0.0008055259560309141
K Expansion,3,1024,4096,512,1,1,141.772292,192,8,16,1,6348.158277,4.296401,138.053659,17.03205,0.12013666252923387,30.294829,252.169721,197.313174,20.988166,-4927.755785,-4924.419763,3.336022000000412,0.0006774446859842992
K Expansion,3,1024,4096,512,2,2,41.603163,192,8,16,1,2111.296991,4.176756,37.007971,22.214863,0.5339705300772444,103.236557,193.337555,45.924738,42.750359,-4927.755785,-4924.419763,3.336022000000412,0.0006774446859842992
K Expansion,3,1024,4096,512,4,4,28.747248,192,64,16,1,1554.210418,4.111313,24.659409,15.836851,0.5508997243840523,149.404468,271.20084,34.027018,16.172408,-4927.755785,-4924.419763,3.336022000000412,0.0006774446859842992
K Expansion,3,1024,4096,512,8,8,35.978985,768,64,16,1,1653.399047,5.617783,29.714176,15.442363,0.4292050762410335,119.374332,278.128891,45.735946,18.274168,-4927.755785,-4924.419763,3.336022000000412,0.0006774446859842992
Medium Asymmetric,3,2048,1024,1,1,1,0.067644,192,8,16,1,20.904435,0.002013,0.065627,0.252913,3.738882975578026,62.005559,16.583979,0.07105,0.374132,-188.502409,-187.936139,0.5662700000000029,0.0030130979757969963
Medium Asymmetric,3,2048,1024,1,2,2,0.036551,768,8,16,1,18.204067,0.002303,0.034214,0.119797,3.2775300265382614,114.7521,35.011762,0.120527,0.134695,-188.502409,-187.936139,0.5662700000000029,0.0030130979757969963
Medium Asymmetric,3,2048,1024,1,4,4,0.020344,384,8,16,1,20.05081,0.002342,0.017918,0.077896,3.8289421942587496,206.169092,53.844921,0.113873,0.173999,-188.502409,-187.936139,0.5662700000000029,0.0030130979757969963
Medium Asymmetric,3,2048,1024,1,8,8,0.026913,192,8,16,1,22.761271,0.003561,0.023316,0.034557,1.2840263069891873,155.846766,121.373499,0.114987,0.045636,-188.502409,-187.936139,0.5662700000000029,0.0030130979757969963
Medium Asymmetric,3,2048,1024,8,1,1,0.472023,384,8,16,1,24.340381,0.013817,0.458197,5.121718,10.850568722286837,71.086434,6.551402,0.56681,9.166787,497.334679,495.247849,2.0868300000000204,0.004213708356762637
Medium Asymmetric,3,2048,1024,8,2,2,0.254926,384,8,16,1,21.977614,0.015177,0.239343,2.817328,11.051552215152633,131.624205,11.91002,0.318044,6.235992,497.334679,495.247849,2.0868300000000204,0.004213708356762637
Medium Asymmetric,3,2048,1024,8,4,4,0.336124,192,8,16,1,18.359675,0.021836,0.314288,2.163427,6.436395496899954,99.82754,15.509852,0.578549,5.694255,497.334679,495.247849,2.0868300000000204,0.004213708356762637
Medium Asymmetric,3,2048,1024,8,8,8,0.199781,768,8,16,1,48.8864,0.020922,0.177972,2.401966,12.022995179721795,167.956072,13.96957,0.295781,4.746294,497.334679,495.247849,2.0868300000000204,0.004213708356762637
Medium Asymmetric,3,2048,1024,32,1,1,1.957825,384,64,16,1,168.904363,0.055336,1.902489,5.110163,2.6101224573187083,68.554507,26.264862,2.566048,9.633121,1167.146212,1172.206825,5.060612999999876,0.004317167322413325
Medium Asymmetric,3,2048,1024,32,2,2,1.014913,192,16,16,1,117.837528,0.057112,0.952929,6.31461,6.221823939588911,132.24555,21.25511,1.452972,11.651445,1167.146212,1172.206825,5.060612999999876,0.004317167322413325
Medium Asymmetric,3,2048,1024,32,4,4,1.329092,768,16,16,1,155.097535,0.079447,1.249215,7.128288,5.3632765828099185,100.984528,18.828887,1.530706,9.815006,1167.146212,1172.206825,5.060612999999876,0.004317167322413325
Medium Asymmetric,3,2048,1024,32,8,8,3.229871,384,64,16,1,365.750369,0.090975,3.139008,5.553187,1.7193216075812316,41.555136,24.169495,6.040272,7.200197,1167.146212,1172.206825,5.060612999999876,0.004317167322413325
Medium Asymmetric,3,2048,1024,128,1,1,7.956646,384,32,16,1,508.038682,0.221709,7.734937,9.81336,1.2333538528671502,67.474525,54.708164,8.893599,11.568203,6831.534324,6835.698353,4.164028999999573,0.0006091592672710748
Medium Asymmetric,3,2048,1024,128,2,2,4.676158,192,16,16,1,286.759809,0.22767,4.457075,8.220638,1.7579897856317086,114.810259,65.307694,4.999485,11.314519,6831.534324,6835.698353,4.164028999999573,0.0006091592672710748
Medium Asymmetric,3,2048,1024,128,4,4,5.126002,192,64,16,1,346.169706,0.351117,4.759634,8.685428,1.6943863853350039,104.734823,61.812833,5.551414,12.843939,6831.534324,6835.698353,4.164028999999573,0.0006091592672710748
Medium Asymmetric,3,2048,1024,128,8,8,7.306866,768,32,16,1,406.538857,0.259517,6.998053,9.311925,1.2744075230064436,73.474854,57.654128,10.132107,13.758286,6831.534324,6835.698353,4.164028999999573,0.0006091592672710748
Medium Asymmetric,3,2048,1024,512,1,1,37.463038,768,16,16,1,1995.829758,0.924106,36.429945,10.366771,0.27671997663403597,57.322731,207.150679,48.124244,12.813865,-3133.553239,-3107.248485,26.304753999999775,0.008465610049207177
Medium Asymmetric,3,2048,1024,512,2,2,17.905599,768,8,16,1,931.120834,0.957769,17.01074,10.747663,0.6002403494013241,119.933639,199.809358,20.293814,12.358354,-3133.553239,-3107.248485,26.304753999999775,0.008465610049207177
Medium Asymmetric,3,2048,1024,512,4,4,9.935509,192,8,16,1,878.473673,0.95538,8.998571,10.506065,1.0574259456661959,216.142288,204.404184,13.934983,13.612087,-3133.553239,-3107.248485,26.304753999999775,0.008465610049207177
Medium Asymmetric,3,2048,1024,512,8,8,11.180104,384,8,16,1,663.540114,1.318102,9.78868,17.191453,1.5376827442750085,192.080829,124.915773,14.312011,22.43337,-3133.553239,-3107.248485,26.304753999999775,0.008465610049207177
Square,3,2048,2048,1,1,1,0.117388,384,8,16,1,35.070206,0.003582,0.113797,0.531859,4.530778273758816,71.460524,15.77224,0.149721,0.57217,-1668.047173,-1667.583336,0.46383700000001227,0.00027814921748535166
Square,3,2048,2048,1,2,2,0.06192,384,8,16,1,36.346335,0.003819,0.058148,0.251894,4.0680555555555555,135.474935,33.302135,0.063669,0.299257,-1668.047173,-1667.583336,0.46383700000001227,0.00027814921748535166
Square,3,2048,2048,1,4,4,0.035081,192,8,16,1,35.693795,0.003822,0.031367,0.126375,3.6023773552635325,239.12112,66.378698,0.040663,0.144381,-1668.047173,-1667.583336,0.46383700000001227,0.00027814921748535166
Square,3,2048,2048,1,8,8,0.057008,768,8,16,1,67.18066,0.006149,0.050609,0.072907,1.2788906820095425,147.147909,115.05902,0.39666,0.182087,-1668.047173,-1667.583336,0.46383700000001227,0.00027814921748535166
Square,3,2048,2048,8,1,1,0.964168,768,8,16,1,49.483206,0.027602,0.936639,3.773142,3.913365720496843,69.602874,17.785936,1.097245,5.024706,1616.440575,1622.018281,5.577705999999807,0.003438744227075581
Square,3,2048,2048,8,2,2,0.522056,384,8,16,1,37.164035,0.029314,0.490297,4.016636,7.69387958379944,128.547252,16.707729,0.591401,8.571753,1616.440575,1622.018281,5.577705999999807,0.003438744227075581
Square,3,2048,2048,8,4,4,0.676465,768,8,16,1,42.405526,0.032553,0.645136,5.815102,8.59630875211578,99.205227,11.540445,0.748586,8.339791,1616.440575,1622.018281,5.577705999999807,0.003438744227075581
Square,3,2048,2048,8,8,8,1.473181,768,8,16,1,109.223119,0.045794,1.442412,4.516526,3.0658323722611134,45.553713,14.858514,4.284634,6.124115,1616.440575,1622.018281,5.577705999999807,0.003438744227075581
Square,3,2048,2048,32,1,1,4.150101,768,8,16,1,423.348123,0.112535,4.012405,4.38722,1.0571357179018053,64.681668,61.185775,5.548979,5.486099,14222.625134,14240.214823,17.589689000000362,0.0012352123348301233
Square,3,2048,2048,32,2,2,2.17513,384,64,16,1,283.66447,0.113301,2.0477,4.79465,2.2043050300441815,123.411224,55.986455,2.362383,6.78473,14222.625134,14240.214823,17.589689000000362,0.0012352123348301233
Square,3,2048,2048,32,4,4,2.720335,768,8,16,1,313.08811,0.160623,2.491067,4.509021,1.6575241652222978,98.677353,59.53298,3.557303,5.56831,14222.625134,14240.214823,17.589689000000362,0.0012352123348301233
Square,3,2048,2048,32,8,8,4.656055,768,64,16,1,581.843164,0.132523,4.243664,4.152525,0.8918547998251738,57.652982,64.643911,6.750524,5.408244,14222.625134,14240.214823,17.589689000000362,0.0012352123348301233
Square,3,2048,2048,128,1,1,18.244412,384,64,16,1,920.303966,0.575808,17.635104,16.392491,0.8984937963470677,58.853189,65.502054,20.567933,27.300472,-15050.347039,-15041.847158,8.499880999999732,0.0005650822608896856
Square,3,2048,2048,128,2,2,8.679537,192,8,16,1,583.428116,0.451744,8.227515,9.039227,1.0414411506051533,123.709574,118.786908,10.047602,154.522932,-15050.347039,-15041.847158,8.499880999999732,0.0005650822608896856
Square,3,2048,2048,128,4,4,10.416381,768,32,16,1,618.730806,0.516055,9.832823,8.590824,0.8247417217169764,103.082042,124.987059,11.236546,12.197746,-15050.347039,-15041.847158,8.499880999999732,0.0005650822608896856
Square,3,2048,2048,128,8,8,9.322997,384,64,16,1,685.306404,0.670054,7.22441,10.554742,1.1321189956405648,115.171315,101.73075,11.464546,12.630894,-15050.347039,-15041.847158,8.499880999999732,0.0005650822608896856
Square,3,2048,2048,512,1,1,71.452689,384,64,16,1,4246.254059,1.889558,69.634302,13.480018,0.18865655286954977,60.109246,318.617326,79.648374,27.675422,-29782.415884,-29759.644447,22.771436999999423,0.00076517839588285
Square,3,2048,2048,512,2,2,34.183242,384,64,16,1,1887.831321,2.00711,32.250552,12.862702,0.37628677818212797,125.645405,333.908637,36.971838,14.231021,-29782.415884,-29759.644447,22.771436999999423,0.00076517839588285
Square,3,2048,2048,512,4,4,32.191573,768,64,16,1,1689.397258,2.011602,29.671656,18.303053,0.5685665934994851,133.418994,234.658518,39.048301,22.538837,-29782.415884,-29759.644447,22.771436999999423,0.00076517839588285
Square,3,2048,2048,512,8,8,21.701289,192,16,16,1,1212.120102,2.159238,18.326882,19.147848,0.8823368971308571,197.913004,224.305483,24.423966,20.948633,-29782.415884,-29759.644447,22.771436999999423,0.00076517839588285
Medium Asymmetric,3,2048,4096,1,1,1,0.256571,768,8,16,1,90.624317,0.007469,0.248939,1.09377,4.263030506175678,65.390149,15.338888,0.277856,5.554182,-3672.291084,-3671.827164,0.4639200000001438,0.00012634581620523787
Medium Asymmetric,3,2048,4096,1,2,2,0.132427,768,8,16,1,77.124805,0.007306,0.125061,0.515371,3.8917365793984615,126.690297,32.553667,0.244509,0.73272,-3672.291084,-3671.827164,0.4639200000001438,0.00012634581620523787
Medium Asymmetric,3,2048,4096,1,4,4,0.068788,192,8,16,1,73.443703,0.007713,0.061158,0.495322,7.200703611094958,243.897424,33.871332,0.227646,1.155729,-3672.291084,-3671.827164,0.4639200000001438,0.00012634581620523787
Medium Asymmetric,3,2048,4096,1,8,8,0.097257,192,8,16,1,74.855232,0.01108,0.085018,0.253551,2.6070205743545456,172.503943,66.169,0.41354,0.954096,-3672.291084,-3671.827164,0.4639200000001438,0.00012634581620523787
Medium Asymmetric,3,2048,4096,8,1,1,1.972991,768,8,16,1,103.851705,0.057178,1.912067,8.884781,4.503204018670131,68.027542,15.106476,5.072096,10.463942,1799.223627,1801.954524,2.7308969999999135,0.0015155193783347185
Medium Asymmetric,3,2048,4096,8,2,2,0.983497,192,8,16,1,73.622006,0.056824,0.926673,10.014923,10.182972596764403,136.469891,13.401773,1.753338,13.065467,1799.223627,1801.954524,2.7308969999999135,0.0015155193783347185
Medium Asymmetric,3,2048,4096,8,4,4,1.89248,384,8,16,1,93.430399,0.066046,1.826434,10.083887,5.328398186506595,70.92161,13.310118,4.918429,12.584344,1799.223627,1801.954524,2.7308969999999135,0.0015155193783347185
Medium Asymmetric,3,2048,4096,8,8,8,3.870869,768,8,16,1,252.769854,0.091597,3.779272,8.474914,2.1894086314985084,34.673798,15.837061,6.792894,12.481233,1799.223627,1801.954524,2.7308969999999135,0.0015155193783347185
Medium Asymmetric,3,2048,4096,32,1,1,13.906624,768,8,16,1,792.457096,0.247193,13.52924,15.808816,1.1367831617508317,38.605409,33.960223,18.21408,18.426228,9907.572632,9919.382668,11.810036000000764,0.0011906019149861035
Medium Asymmetric,3,2048,4096,32,2,2,4.839361,384,64,16,1,488.594371,0.232411,4.60695,15.131013,3.1266551513722574,110.938389,35.481492,5.317088,17.537697,9907.572632,9919.382668,11.810036000000764,0.0011906019149861035
Medium Asymmetric,3,2048,4096,32,4,4,5.354462,768,16,16,1,545.462586,0.330708,5.088008,15.140986,2.827732459395547,100.266079,35.458121,6.075692,18.365813,9907.572632,9919.382668,11.810036000000764,0.0011906019149861035
Medium Asymmetric,3,2048,4096,32,8,8,3.126848,384,64,16,1,544.256994,0.331697,2.761648,12.395819,3.9643177410606465,171.697157,43.310645,4.402417,15.389923,9907.572632,9919.382668,11.810036000000764,0.0011906019149861035
Medium Asymmetric,3,2048,4096,128,1,1,38.760518,192,64,16,1,2247.514924,0.950301,37.737374,23.337005,0.6020818658821846,55.403894,92.020533,66.356299,28.633066,1262.426544,1260.444303,1.9822409999999309,0.001572652591853502
Medium Asymmetric,3,2048,4096,128,2,2,17.180584,768,32,16,1,1109.164565,0.962659,16.211206,18.807305,1.0946836847920887,124.994799,114.183486,18.259012,28.052375,1262.426544,1260.444303,1.9822409999999309,0.001572652591853502
Medium Asymmetric,3,2048,4096,128,4,4,17.24929,192,8,16,1,1141.59147,1.395104,15.854186,20.061284,1.1630208547714138,124.49693,107.046172,17.97448,25.373062,1262.426544,1260.444303,1.9822409999999309,0.001572652591853502
Medium Asymmetric,3,2048,4096,128,8,8,12.350583,384,16,16,1,956.585073,1.410326,10.992362,17.661924,1.4300477961242801,173.877108,121.588319,12.991292,22.697092,1262.426544,1260.444303,1.9822409999999309,0.001572652591853502
Medium Asymmetric,3,2048,4096,512,1,1,156.845918,384,32,16,1,7986.745745,3.860195,152.752042,30.834673,0.19659212935334405,54.766708,278.580369,245.579778,32.261086,6291.074416,6279.233773,11.840643000000455,0.0018856827804236067
Medium Asymmetric,3,2048,4096,512,2,2,71.066068,384,16,16,1,3771.411873,3.880339,67.043733,30.928176,0.43520314082946027,120.872518,277.738157,73.474134,32.868872,6291.074416,6279.233773,11.840643000000455,0.0018856827804236067
Medium Asymmetric,3,2048,4096,512,4,4,42.565554,768,32,16,1,2531.088314,4.296865,38.736969,30.578544,0.7183870789042238,201.804835,280.913787,48.27485,31.010464,6291.074416,6279.233773,11.840643000000455,0.0018856827804236067
Medium Asymmetric,3,2048,4096,512,8,8,38.652326,192,32,16,1,2345.745408,4.588138,34.064188,38.701518,1.001272678906827,222.235904,221.953428,47.856345,55.954268,6291.074416,6279.233773,11.840643000000455,0.0018856827804236067
K Expansion,3,2048,8192,1,1,1,0.510449,384,8,16,1,143.041242,0.01433,0.496226,1.886782,3.696318339344381,65.735131,17.783947,0.801349,4.392657,-155.430576,-153.625511,1.8050650000000132,0.01174977377292508
K Expansion,3,2048,8192,1,2,2,0.260871,384,8,16,1,133.008395,0.014658,0.245753,0.960569,3.682160914781635,128.624615,34.931829,0.373444,1.062991,-155.430576,-153.625511,1.8050650000000132,0.01174977377292508
K Expansion,3,2048,8192,1,4,4,0.384116,768,8,16,1,157.247621,0.021085,0.352611,0.540592,1.4073665246956648,87.354945,62.06979,0.466287,0.656478,-155.430576,-153.625511,1.8050650000000132,0.01174977377292508
K Expansion,3,2048,8192,1,8,8,2.093871,384,8,16,1,304.751256,0.016369,2.079026,0.5557,0.26539361784942817,16.025071,60.382278,3.98387,5.687875,-155.430576,-153.625511,1.8050650000000132,0.01174977377292508
K Expansion,3,2048,8192,8,1,1,4.286803,768,8,16,1,236.537877,0.11193,4.172883,32.015033,7.468277175321563,62.619032,8.384669,7.398051,36.814603,11750.369085,11744.998253,5.370832000000519,0.0004572867431996985
K Expansion,3,2048,8192,8,2,2,2.227927,192,8,16,1,164.670477,0.113566,2.111593,26.775222,12.017997896699487,120.486648,10.025517,2.567642,34.88411,11750.369085,11744.998253,5.370832000000519,0.0004572867431996985
K Expansion,3,2048,8192,8,4,4,3.12064,384,8,16,1,184.792437,0.16583,2.913662,16.994459,5.445824894893355,86.01936,15.795469,3.576398,21.94918,11750.369085,11744.998253,5.370832000000519,0.0004572867431996985
K Expansion,3,2048,8192,8,8,8,4.157284,768,8,16,1,345.92833,0.172009,3.969503,17.506901,4.2111390513614175,64.569911,15.333122,6.301856,21.238725,11750.369085,11744.998253,5.370832000000519,0.0004572867431996985
K Expansion,3,2048,8192,32,1,1,17.199309,192,8,16,1,1393.913114,0.476397,16.705718,19.857632,1.1545598721437007,62.429358,54.071997,20.344858,25.811621,-16602.174702,-16583.912176,18.262525999998616,0.0011012194110885296
K Expansion,3,2048,8192,32,2,2,11.409961,192,8,16,1,985.123021,0.490034,10.919927,17.269281,1.5135267333516742,94.105652,62.176406,15.057049,18.426163,-16602.174702,-16583.912176,18.262525999998616,0.0011012194110885296
K Expansion,3,2048,8192,32,4,4,6.546501,768,64,16,1,1058.868594,0.453234,6.09459,17.657638,2.6972634694472664,164.017667,60.808916,8.269921,19.866954,-16602.174702,-16583.912176,18.262525999998616,0.0011012194110885296
K Expansion,3,2048,8192,32,8,8,7.354844,192,32,16,1,901.744464,0.65374,6.884188,17.591497,2.391824626055971,145.991108,61.037547,11.387541,19.253508,-16602.174702,-16583.912176,18.262525999998616,0.0011012194110885296
K Expansion,3,2048,8192,128,1,1,68.023311,384,64,16,1,4010.399416,1.867921,66.119154,26.677675,0.39218430575953583,63.139639,160.994813,75.145278,30.410933,-18203.021995,-18215.092217,12.070222000002104,0.0006626495137223111
K Expansion,3,2048,8192,128,2,2,39.647858,192,64,16,1,2237.77259,1.915304,37.836628,25.613031,0.6460129825929057,108.327852,167.686803,87.528427,29.247258,-18203.021995,-18215.092217,12.070222000002104,0.0006626495137223111
K Expansion,3,2048,8192,128,4,4,19.181299,384,64,16,1,1884.166947,1.892013,17.365484,26.720494,1.3930492403043193,223.914308,160.736822,25.036807,27.516955,-18203.021995,-18215.092217,12.070222000002104,0.0006626495137223111
K Expansion,3,2048,8192,128,8,8,24.337715,192,32,16,1,1743.383672,2.997135,20.748299,24.962784,1.0256831423985366,176.473728,172.05482,28.842236,26.455845,-18203.021995,-18215.092217,12.070222000002104,0.0006626495137223111
K Expansion,3,2048,8192,512,1,1,304.569529,192,64,16,1,18621.271395,8.266795,297.141943,56.748937,0.1863250640545857,56.407052,302.734643,373.572287,62.554747,92076.192567,92097.561465,21.368898000000627,0.00023202457980520458
K Expansion,3,2048,8192,512,2,2,139.044974,384,64,16,1,7510.197455,7.81385,130.730158,61.179053,0.43999470991306744,123.556204,280.812931,140.415778,63.952074,92076.192567,92097.561465,21.368898000000627,0.00023202457980520458
K Expansion,3,2048,8192,512,4,4,76.187062,384,32,16,1,5101.404193,8.162444,67.664322,61.557841,0.8079828698473766,225.495888,279.084986,83.31527,79.592785,92076.192567,92097.561465,21.368898000000627,0.00023202457980520458
K Expansion,3,2048,8192,512,8,8,69.60923,192,64,16,1,4056.772025,8.299674,60.336664,59.410749,0.8534895300522647,246.804471,289.171059,71.809153,62.362605,92076.192567,92097.561465,21.368898000000627,0.00023202457980520458
M Expansion,3,4096,1024,1,1,1,0.120474,192,8,16,1,37.844146,0.001824,0.11865,0.531481,4.411582582133905,69.630028,15.783458,0.147924,0.752496,-4807.815835,-4806.42333,1.3925050000007104,0.0002897175101721035
M Expansion,3,4096,1024,1,2,2,0.06162,768,8,16,1,32.191097,0.001987,0.059686,0.361389,5.864800389483934,136.134502,23.212129,0.064409,0.481214,-4807.815835,-4806.42333,1.3925050000007104,0.0002897175101721035
M Expansion,3,4096,1024,1,4,4,0.033397,192,8,16,1,32.53326,0.002104,0.031291,0.249767,7.478725634038985,251.178489,33.585734,0.042017,0.369266,-4807.815835,-4806.42333,1.3925050000007104,0.0002897175101721035
M Expansion,3,4096,1024,1,8,8,0.049376,192,8,16,1,37.231335,0.003476,0.045871,0.087545,1.7730273817239144,169.892417,95.820527,0.135736,0.396324,-4807.815835,-4806.42333,1.3925050000007104,0.0002897175101721035
M Expansion,3,4096,1024,8,1,1,1.077098,384,8,16,1,51.602313,0.014216,1.062528,6.392347,5.934786806771528,62.305254,10.498314,2.961584,10.00058,1700.278025,1693.499158,6.778866999999991,0.004002875919941845
M Expansion,3,4096,1024,8,2,2,0.503913,192,8,16,1,46.905728,0.014416,0.489115,4.568062,9.065179902086273,133.175497,14.690883,0.562317,8.226706,1700.278025,1693.499158,6.778866999999991,0.004002875919941845
M Expansion,3,4096,1024,8,4,4,0.415244,768,8,16,1,45.429974,0.01473,0.401316,4.631566,11.153842078392463,161.613085,14.489454,0.672002,5.906471,1700.278025,1693.499158,6.778866999999991,0.004002875919941845
M Expansion,3,4096,1024,8,8,8,1.648181,768,8,16,1,72.810689,0.01519,1.633859,4.985661,3.0249475027318,40.716926,13.460374,3.972307,6.943681,1700.278025,1693.499158,6.778866999999991,0.004002875919941845
M Expansion,3,4096,1024,32,1,1,4.210723,384,32,16,1,442.326783,0.05673,4.137698,13.698028,3.2531296881794414,63.750443,19.59665,9.614122,17.167977,3784.491475,3798.738496,14.247021000000132,0.003750461110971965
M Expansion,3,4096,1024,32,2,2,2.071416,192,8,16,1,239.776287,0.055446,1.99336,9.728911,4.696744159550761,129.590317,27.591521,2.637676,13.418276,3784.491475,3798.738496,14.247021000000132,0.003750461110971965
M Expansion,3,4096,1024,32,4,4,1.059185,192,32,16,1,198.371943,0.056709,0.992,9.583683,9.048167222911957,253.435855,28.009634,2.514111,17.555911,3784.491475,3798.738496,14.247021000000132,0.003750461110971965
M Expansion,3,4096,1024,32,8,8,4.190758,768,8,16,1,545.184489,0.082667,4.1188,14.321257,3.4173428768733483,64.054153,18.743847,5.852319,20.79492,3784.491475,3798.738496,14.247021000000132,0.003750461110971965
M Expansion,3,4096,1024,128,1,1,21.622905,768,16,16,1,1159.849022,0.228797,21.400609,8.07071,0.3732481828875445,49.657612,133.041805,29.405176,13.707161,14647.235336,14662.29234,15.057004000000234,0.001026920187570086
M Expansion,3,4096,1024,128,2,2,8.787556,192,8,16,1,567.147423,0.229585,8.566973,6.967599,0.7928938376039936,122.188903,154.104997,9.742333,7.967125,14647.235336,14662.29234,15.057004000000234,0.001026920187570086
M Expansion,3,4096,1024,128,4,4,4.730734,384,32,16,1,407.020831,0.222312,4.471129,7.682164,1.6238841583568215,226.971507,139.77075,5.61344,10.229081,14647.235336,14662.29234,15.057004000000234,0.001026920187570086
M Expansion,3,4096,1024,128,8,8,5.645335,768,8,16,1,616.040827,0.316463,5.299817,8.280115,1.4667180955603165,190.199842,129.677163,8.165856,8.630457,14647.235336,14662.29234,15.057004000000234,0.001026920187570086
M Expansion,3,4096,1024,512,1,1,75.895105,384,64,16,1,3960.412862,0.931963,74.960085,18.0626,0.23799426853681802,56.590834,237.78234,87.496205,22.416971,-9480.855102,-9455.379414,25.475687999998627,0.00269430626573042
M Expansion,3,4096,1024,512,2,2,33.628596,384,64,16,1,1868.827711,0.951312,32.674889,15.672544,0.4660481216640742,127.717711,274.044041,40.723629,18.828414,-9480.855102,-9455.379414,25.475687999998627,0.00269430626573042
M Expansion,3,4096,1024,512,4,4,31.332134,384,8,16,1,1580.916423,1.350889,29.817814,15.989058,0.5103086179830586,137.078671,268.619158,35.626857,22.532545,-9480.855102,-9455.379414,25.475687999998627,0.00269430626573042
M Expansion,3,4096,1024,512,8,8,19.548214,192,32,16,1,1141.818194,1.120758,18.590026,17.067621,0.8731038549097119,219.711494,251.644169,24.274592,20.509276,-9480.855102,-9455.379414,25.475687999998627,0.00269430626573042
Medium Asymmetric,3,4096,2048,1,1,1,0.236293,384,8,16,1,77.790878,0.003503,0.232678,1.065037,4.507272750356549,71.001748,15.752707,0.654123,2.721191,-3690.705675,-3692.306902,1.6012269999996533,0.00043366573865577697
Medium Asymmetric,3,4096,2048,1,2,2,0.125536,192,8,16,1,70.070747,0.003668,0.121753,0.496902,3.958243053785368,133.64466,33.763631,0.283218,0.569614,-3690.705675,-3692.306902,1.6012269999996533,0.00043366573865577697
Medium Asymmetric,3,4096,2048,1,4,4,0.18663,192,8,16,1,73.152027,0.005317,0.182732,0.317442,1.7009162514065264,89.895601,52.85128,0.331829,0.426081,-3690.705675,-3692.306902,1.6012269999996533,0.00043366573865577697
Medium Asymmetric,3,4096,2048,1,8,8,5.238702,768,8,16,1,235.973251,0.006247,5.232081,0.229708,0.043848266230833516,3.202552,73.037143,9.526953,0.914839,-3690.705675,-3692.306902,1.6012269999996533,0.00043366573865577697
Medium Asymmetric,3,4096,2048,8,1,1,1.850101,384,8,16,1,152.839749,0.028418,1.822286,9.040444,4.886459712199496,72.546163,14.846365,3.179856,9.800611,3697.538347,3695.67451,1.8638370000003306,0.0005043293165989151
Medium Asymmetric,3,4096,2048,8,2,2,0.956622,384,8,16,1,84.458916,0.027757,0.928865,8.712789,9.107870193242473,140.303827,15.40468,1.140923,10.012813,3697.538347,3695.67451,1.8638370000003306,0.0005043293165989151
Medium Asymmetric,3,4096,2048,8,4,4,1.344813,768,8,16,1,97.97403,0.041455,1.288766,9.296563,6.912903875854859,99.804008,14.437349,1.651044,10.344948,3697.538347,3695.67451,1.8638370000003306,0.0005043293165989151
Medium Asymmetric,3,4096,2048,8,8,8,4.97863,768,8,16,1,217.306917,0.045793,4.929622,12.002668,2.4108375195585934,26.958767,11.182324,7.69559,15.677555,3697.538347,3695.67451,1.8638370000003306,0.0005043293165989151
Medium Asymmetric,3,4096,2048,32,1,1,9.097742,768,16,16,1,913.533338,0.115278,8.983013,11.906721,1.3087556230985666,59.011446,45.089736,12.177552,14.798761,31471.575221,31487.335678,15.760457000000315,0.0005005332036083334
Medium Asymmetric,3,4096,2048,32,2,2,4.070691,192,8,16,1,473.348091,0.113542,3.905819,13.094585,3.2167966077503793,131.886923,40.99946,5.062108,16.055352,31471.575221,31487.335678,15.760457000000315,0.0005005332036083334
Medium Asymmetric,3,4096,2048,32,4,4,5.369156,768,8,16,1,561.940175,0.165567,5.196895,16.819229,3.132564782993826,99.991677,31.920067,6.466,21.879615,31471.575221,31487.335678,15.760457000000315,0.0005005332036083334
Medium Asymmetric,3,4096,2048,32,8,8,2.851828,768,32,16,1,797.28473,0.127811,2.711631,13.599349,4.768642779298051,188.255011,39.477692,3.635673,15.131124,31471.575221,31487.335678,15.760457000000315,0.0005005332036083334
Medium Asymmetric,3,4096,2048,128,1,1,44.133562,192,64,16,1,2198.603886,0.469947,43.587643,22.969891,0.5204631114977758,48.658743,93.491242,54.270224,31.788574,-31382.500001,-31375.777152,6.722849000001588,0.00021426876432200344
Medium Asymmetric,3,4096,2048,128,2,2,16.86162,384,64,16,1,1095.557558,0.481837,16.379783,21.397821,1.2690252182174668,127.359272,100.359922,17.257339,23.202369,-31382.500001,-31375.777152,6.722849000001588,0.00021426876432200344
Medium Asymmetric,3,4096,2048,128,4,4,10.012897,768,64,16,1,1085.169545,0.47977,9.533127,18.378234,1.8354562121232245,214.471761,116.849293,13.212081,24.646757,-31382.500001,-31375.777152,6.722849000001588,0.00021426876432200344
Medium Asymmetric,3,4096,2048,128,8,8,10.961616,192,64,16,1,925.833315,0.622508,10.435777,22.146799,2.020395441693999,195.909403,96.965871,13.608423,25.2556,-31382.500001,-31375.777152,6.722849000001588,0.00021426876432200344
Medium Asymmetric,3,4096,2048,512,1,1,203.991807,768,16,16,1,8194.15811,1.91185,201.178548,31.597317,0.1548950296812656,42.109214,271.856455,237.834149,39.218134,-46324.702888,-46283.691266,41.01162199999817,0.0008860922903555298
Medium Asymmetric,3,4096,2048,512,2,2,70.079514,192,32,16,1,3678.469606,2.05113,68.103321,32.088631,0.4578888917523029,122.574118,267.694019,92.016486,34.91494,-46324.702888,-46283.691266,41.01162199999817,0.0008860922903555298
Medium Asymmetric,3,4096,2048,512,4,4,36.975487,384,16,16,1,2408.332812,2.031435,34.387945,35.630644,0.9636287954773928,232.314306,241.082777,38.029526,40.715108,-46324.702888,-46283.691266,41.01162199999817,0.0008860922903555298
Medium Asymmetric,3,4096,2048,512,8,8,32.015233,384,32,16,1,1961.090727,2.028536,29.963966,35.647774,1.1134628943665659,268.307733,240.966928,35.331302,38.41243,-46324.702888,-46283.691266,41.01162199999817,0.0008860922903555298
Square,3,4096,4096,1,1,1,0.485311,768,8,16,1,180.092026,0.007013,0.478142,2.073555,4.272631364217996,69.140061,16.18208,0.582508,3.139294,2187.284071,2188.946092,1.6620210000000952,0.000759279091465216
Square,3,4096,4096,1,2,2,0.24125,768,8,16,1,133.805735,0.007142,0.23402,1.039999,4.310876683937823,139.085728,32.263908,0.262111,1.109089,2187.284071,2188.946092,1.6620210000000952,0.000759279091465216
Square,3,4096,4096,1,4,4,0.128027,192,8,16,1,136.326781,0.007273,0.12075,0.547974,4.2801440321182245,262.088716,61.233621,0.168071,0.656342,2187.284071,2188.946092,1.6620210000000952,0.000759279091465216
Square,3,4096,4096,1,8,8,5.468316,768,8,16,1,326.543424,0.008005,5.455353,1.39015,0.25421903196523393,6.136155,24.137274,9.007108,4.305113,2187.284071,2188.946092,1.6620210000000952,0.000759279091465216
Square,3,4096,4096,8,1,1,4.673499,768,8,16,1,238.523379,0.057681,4.617874,15.38398,3.29174778896925,57.43779,17.449025,5.848702,16.885891,5216.185396,5209.794162,6.391233999999713,0.0012267728438518897
Square,3,4096,4096,8,2,2,1.924364,768,8,16,1,169.259769,0.055338,1.85598,17.719632,9.208045879054067,139.493077,15.149042,2.262974,19.540042,5216.185396,5209.794162,6.391233999999713,0.0012267728438518897
Square,3,4096,4096,8,4,4,3.037148,768,8,16,1,199.835523,0.083263,2.953165,16.134406,5.3123542217896516,88.384055,16.637455,3.264253,20.642059,5216.185396,5209.794162,6.391233999999713,0.0012267728438518897
Square,3,4096,4096,8,8,8,5.282085,768,8,16,1,280.598103,0.086676,5.190866,16.210271,3.068915210565524,50.81998,16.559591,7.214997,17.055187,5216.185396,5209.794162,6.391233999999713,0.0012267728438518897
Square,3,4096,4096,32,1,1,20.220561,384,8,16,1,1681.793197,0.258527,19.990085,17.59588,0.8701974193495423,53.101485,61.022343,33.35888,19.974221,19181.202558,19200.17561,18.97305199999755,0.0009881707535068505
Square,3,4096,4096,32,2,2,8.652711,384,8,16,1,1056.876031,0.239535,8.395394,20.302422,2.346365433908517,124.093111,52.887376,9.818159,24.104298,19181.202558,19200.17561,18.97305199999755,0.0009881707535068505
Square,3,4096,4096,32,4,4,4.969062,192,64,16,1,1069.672312,0.234647,4.744643,22.533293,4.534717618737702,216.085415,47.65135,6.298653,23.162909,19181.202558,19200.17561,18.97305199999755,0.0009881707535068505
Square,3,4096,4096,32,8,8,5.912223,192,64,16,1,875.610943,0.319567,5.564706,20.673808,3.496790970164691,181.613891,51.937303,6.373863,23.15413,19181.202558,19200.17561,18.97305199999755,0.0009881707535068505
Square,3,4096,4096,128,1,1,80.440491,192,64,16,1,4424.684231,0.903986,79.537386,32.131353,0.39944252702286465,53.393101,133.669046,104.997971,40.434163,1214.378808,1156.030877,58.34793100000002,0.05047264061961558
Square,3,4096,4096,128,2,2,33.261006,768,64,16,1,2353.916221,0.946974,32.319853,32.866762,0.9881469610390017,129.129206,130.678139,49.856768,36.203557,1214.378808,1156.030877,58.34793100000002,0.05047264061961558
Square,3,4096,4096,128,4,4,30.016254,768,16,16,1,2072.784183,1.305834,28.745228,32.3949,1.0792452649154687,143.088051,132.581588,35.339243,36.735377,1214.378808,1156.030877,58.34793100000002,0.05047264061961558
Square,3,4096,4096,128,8,8,21.868642,192,32,16,1,1702.218372,1.232188,20.858167,33.632316,1.5379243027527727,196.398446,127.703584,27.228695,48.43316,1214.378808,1156.030877,58.34793100000002,0.05047264061961558
Square,3,4096,4096,512,1,1,298.302183,384,32,16,1,16163.601101,3.994414,294.307769,69.765686,0.23387588149162153,57.592167,246.250989,353.214469,73.205414,5778.996257,5735.211297,43.784959999999955,0.007634410962836398
Square,3,4096,4096,512,2,2,140.183554,768,8,16,1,7440.157964,4.358997,135.824557,82.146307,0.5859910428579946,122.552673,209.13745,155.340387,84.406314,5778.996257,5735.211297,43.784959999999955,0.007634410962836398
Square,3,4096,4096,512,4,4,76.78406,192,64,16,1,4132.547923,4.923863,71.33872,73.242908,0.9538816780461987,223.742652,234.560173,82.331429,77.456394,5778.996257,5735.211297,43.784959999999955,0.007634410962836398
Square,3,4096,4096,512,8,8,70.078007,384,16,16,1,3848.126794,5.312205,65.572948,72.137533,1.0293890492633446,245.153507,238.154376,84.403565,78.944424,5778.996257,5735.211297,43.784959999999955,0.007634410962836398
K Expansion,3,4096,11008,1,1,1,2.122776,192,8,16,1,524.1151,0.019396,2.102752,7.569971,3.566071502598484,42.480948,11.912534,4.155615,11.065646,-3849.421086,-3845.992277,3.428809000000001,0.000891527791281626
K Expansion,3,4096,11008,1,2,2,0.918546,384,8,16,1,493.402133,0.019595,0.898846,2.417232,2.6315851356382804,98.174219,37.306115,1.430918,2.538599,-3849.421086,-3845.992277,3.428809000000001,0.000891527791281626
K Expansion,3,4096,11008,1,4,4,1.061048,768,8,16,1,443.52717,0.020512,1.041167,1.346728,1.269243238760169,84.98912,66.960467,2.040655,1.538741,-3849.421086,-3845.992277,3.428809000000001,0.000891527791281626
K Expansion,3,4096,11008,1,8,8,0.903335,768,8,16,1,634.914218,0.030482,0.871289,5.558816,6.153659495093183,99.827346,16.222436,3.048162,8.361451,-3849.421086,-3845.992277,3.428809000000001,0.000891527791281626
K Expansion,3,4096,11008,8,1,1,13.790302,192,8,16,1,623.32192,0.156668,13.641075,41.229647,2.989756642022778,52.313596,17.49761,15.554816,46.167618,26242.070968,26251.93753,9.866561999999249,0.0003758412874754105
K Expansion,3,4096,11008,8,2,2,6.925045,192,8,16,1,461.505057,0.156366,6.770343,44.514482,6.428042272649492,104.175538,16.206418,7.786025,54.705696,26242.070968,26251.93753,9.866561999999249,0.0003758412874754105
K Expansion,3,4096,11008,8,4,4,7.584488,384,8,16,1,565.250404,0.224607,7.426471,45.147821,5.952652440085606,95.117863,15.979072,8.356111,47.430819,26242.070968,26251.93753,9.866561999999249,0.0003758412874754105
K Expansion,3,4096,11008,8,8,8,4.645226,768,8,16,1,629.054047,0.225549,4.407323,46.35994,9.980125832413751,155.303593,15.561286,4.900347,48.125576,26242.070968,26251.93753,9.866561999999249,0.0003758412874754105
K Expansion,3,4096,11008,32,1,1,94.414005,384,32,16,1,4277.311238,0.611058,93.80549,71.975068,0.762334655753667,30.564122,40.092788,136.119442,102.990552,-12236.107964,-12256.221858,20.113894000000073,0.001641116996170491
K Expansion,3,4096,11008,32,2,2,26.118947,384,16,16,1,2898.789401,0.635922,25.488973,52.713821,2.018221523249004,110.482293,54.742401,30.246981,58.932562,-12236.107964,-12256.221858,20.113894000000073,0.001641116996170491
K Expansion,3,4096,11008,32,4,4,15.087293,768,8,16,1,2473.637147,0.639108,13.829492,53.845902,3.568957134987701,191.265667,53.591472,19.267734,58.33942,-12236.107964,-12256.221858,20.113894000000073,0.001641116996170491
K Expansion,3,4096,11008,32,8,8,14.742373,192,32,16,1,2371.780184,0.846752,13.477014,48.751887,3.306922637217224,195.740615,59.191168,17.326378,54.821313,-12236.107964,-12256.221858,20.113894000000073,0.001641116996170491
K Expansion,3,4096,11008,128,1,1,216.715928,192,32,16,1,13191.79869,2.738501,211.453634,74.008322,0.34149922750486533,53.262004,155.965225,244.111534,77.403181,-42504.935282,-42413.974932,90.9603500000012,0.002144584424021397
K Expansion,3,4096,11008,128,2,2,97.519217,192,32,16,1,6560.191767,3.442829,93.560226,65.510152,0.6717665913991087,118.36359,176.197494,99.469204,70.713138,-42504.935282,-42413.974932,90.9603500000012,0.002144584424021397
K Expansion,3,4096,11008,128,4,4,53.492523,384,32,16,1,4419.287876,2.636221,50.856302,66.685498,1.2466321321205955,215.782019,173.091976,92.900088,75.853181,-42504.935282,-42413.974932,90.9603500000012,0.002144584424021397
K Expansion,3,4096,11008,128,8,8,61.145715,192,64,16,1,4188.912951,3.753531,57.414251,70.914324,1.159759502362512,188.774056,162.770001,73.109109,71.42866,-42504.935282,-42413.974932,90.9603500000012,0.002144584424021397
K Expansion,3,4096,11008,512,1,1,890.489923,192,16,16,1,46283.146312,12.363064,880.164555,148.762891,0.167057354786035,51.848872,310.365698,932.389436,174.439074,50195.845222,50384.737059,188.89183699999558,0.0037489892381259273
K Expansion,3,4096,11008,512,2,2,364.829438,192,32,16,1,20782.416827,11.083217,353.408054,177.165905,0.4856129647081824,126.55475,260.608261,455.031277,197.52492,50195.845222,50384.737059,188.89183699999558,0.0037489892381259273
K Expansion,3,4096,11008,512,4,4,202.712656,384,32,16,1,13093.266318,11.56429,191.894138,203.106465,1.0019426956746103,227.765248,227.323628,211.831607,215.027475,50195.845222,50384.737059,188.89183699999558,0.0037489892381259273
K Expansion,3,4096,11008,512,8,8,172.012115,192,16,16,1,10431.363844,11.123073,161.542357,205.524861,1.1948278236099823,268.41655,224.648727,179.16056,213.376825,50195.845222,50384.737059,188.89183699999558,0.0037489892381259273
K Expansion,3,4096,14336,1,1,1,3.041181,192,8,16,1,613.126187,0.026063,3.014641,13.621526,4.479025089266308,38.616745,8.621685,4.550328,15.089767,3041.396484,3036.166906,5.229577999999947,0.0017224277063508534
K Expansion,3,4096,14336,1,2,2,1.488879,192,8,16,1,521.46576,0.025986,1.463451,3.485848,2.3412567441679273,78.87848,33.690658,2.248137,4.318742,3041.396484,3036.166906,5.229577999999947,0.0017224277063508534
K Expansion,3,4096,14336,1,4,4,1.478284,768,8,16,1,638.237259,0.027157,1.451805,2.393973,1.6194269842601285,79.443809,49.05674,1.858604,7.106745,3041.396484,3036.166906,5.229577999999947,0.0017224277063508534
K Expansion,3,4096,14336,1,8,8,0.792506,768,8,16,1,618.25867,0.026103,0.766137,10.665737,13.458241325617724,148.188799,11.011008,0.894143,13.104536,3041.396484,3036.166906,5.229577999999947,0.0017224277063508534
K Expansion,3,4096,14336,8,1,1,17.998509,192,8,16,1,836.141517,0.203251,17.795258,60.339557,3.3524753078157756,52.200107,15.570616,19.323665,72.329837,28702.724055,28726.27599,23.551934999999503,0.0008198742854172343
K Expansion,3,4096,14336,8,2,2,9.388184,384,8,16,1,621.730271,0.220243,9.158877,60.682892,6.46375188215314,100.075169,15.48252,15.480114,73.565554,28702.724055,28726.27599,23.551934999999503,0.0008198742854172343
K Expansion,3,4096,14336,8,4,4,9.214556,192,8,16,1,628.226254,0.294434,8.941244,60.306565,6.54470654907301,101.960865,15.579135,9.971364,69.612991,28702.724055,28726.27599,23.551934999999503,0.0008198742854172343
K Expansion,3,4096,14336,8,8,8,6.421245,768,8,16,1,675.191377,0.260508,6.117815,57.057287,8.885704719256157,146.314943,16.46633,10.089455,65.728049,28702.724055,28726.27599,23.551934999999503,0.0008198742854172343
K Expansion,3,4096,14336,32,1,1,75.040326,192,8,16,1,5997.046226,0.813313,74.198458,61.446299,0.8188437107802544,50.081024,61.160663,83.755476,68.893985,11993.15355,11970.905542,22.248008000000482,0.001858506687062495
K Expansion,3,4096,14336,32,2,2,30.717093,192,32,16,1,3616.364234,0.814203,29.914282,63.318197,2.0613342870694176,122.345444,59.352549,33.077822,126.156408,11993.15355,11970.905542,22.248008000000482,0.001858506687062495
K Expansion,3,4096,14336,32,4,4,19.49468,384,8,16,1,3164.792577,0.89137,18.60331,65.134963,3.34116605145609,192.775485,57.697068,23.614486,81.368033,11993.15355,11970.905542,22.248008000000482,0.001858506687062495
K Expansion,3,4096,14336,32,8,8,17.942936,192,32,16,1,3064.009056,1.071861,17.00749,68.414744,3.812906873211831,209.447126,54.931089,21.259932,80.612566,11993.15355,11970.905542,22.248008000000482,0.001858506687062495
K Expansion,3,4096,14336,128,1,1,308.23507,768,64,16,1,18531.801092,3.342309,301.89864,83.527972,0.2709878924549371,48.769225,179.968281,445.577428,87.052248,-86908.494782,-86915.60446,7.109678000007989,8.179978778471224e-05
K Expansion,3,4096,14336,128,2,2,120.806064,192,64,16,1,8910.043959,3.553442,117.52652,89.416121,0.7401625219740625,124.434031,168.117174,130.426942,90.505214,-86908.494782,-86915.60446,7.109678000007989,8.179978778471224e-05
K Expansion,3,4096,14336,128,4,4,67.151561,192,64,16,1,5544.414618,3.383245,63.846846,90.990173,1.3549971384879644,223.857574,165.208891,70.030604,110.026963,-86908.494782,-86915.60446,7.109678000007989,8.179978778471224e-05
K Expansion,3,4096,14336,128,8,8,58.338987,384,64,16,1,5430.814296,3.942436,54.359466,88.205686,1.511950936000997,257.673064,170.424223,60.127778,96.686705,-86908.494782,-86915.60446,7.109678000007989,8.179978778471224e-05
K Expansion,3,4096,14336,512,1,1,1139.438112,192,64,16,1,63233.049276,15.678628,1122.594335,236.875801,0.2078882551894139,52.771223,253.844174,1351.687503,318.603264,99807.430837,99656.972982,150.45785500000056,0.001509757425877025
K Expansion,3,4096,14336,512,2,2,501.231278,384,16,16,1,27853.717873,14.06319,486.019206,210.895581,0.42075502917836666,119.963667,285.11523,513.192987,232.795064,99807.430837,99656.972982,150.45785500000056,0.001509757425877025
K Expansion,3,4096,14336,512,4,4,269.526247,192,32,16,1,15363.935488,14.782168,255.313624,212.13378,0.7870616771508713,223.093457,283.451047,283.136823,260.696187,99807.430837,99656.972982,150.45785500000056,0.001509757425877025
K Expansion,3,4096,14336,512,8,8,230.386159,192,32,16,1,13265.430944,16.765929,214.790012,212.708254,0.9232683722115442,260.994594,282.685514,254.956051,233.032661,99807.430837,99656.972982,150.45785500000056,0.001509757425877025
M Expansion,3,8192,2048,1,1,1,0.483272,768,8,16,1,144.737781,0.003555,0.479659,2.306251,4.772159363670976,69.431773,14.549341,0.615219,3.693975,2320.276069,2322.394727,2.1186579999998685,0.000912272997939798
M Expansion,3,8192,2048,1,2,2,0.251786,768,8,16,1,135.512478,0.003633,0.242938,1.129688,4.4866990221855065,133.265678,29.702389,0.337443,1.286605,2320.276069,2322.394727,2.1186579999998685,0.000912272997939798
M Expansion,3,8192,2048,1,4,4,0.37692,192,8,16,1,156.463852,0.005381,0.373035,0.686942,1.8225140613392765,89.022689,48.846092,0.753368,0.844883,2320.276069,2322.394727,2.1186579999998685,0.000912272997939798
M Expansion,3,8192,2048,1,8,8,3.049097,768,8,16,1,305.902765,0.006047,3.044757,1.702849,0.5584764932043815,11.004711,19.704878,4.698171,3.418497,2320.276069,2322.394727,2.1186579999998685,0.000912272997939798
M Expansion,3,8192,2048,8,1,1,4.01411,384,8,16,1,210.904337,0.029128,3.971512,15.884958,3.9572801941152584,66.87297,16.89872,6.49464,17.253637,5784.967584,5775.362007,9.605577000000267,0.0016631991186626697
M Expansion,3,8192,2048,8,2,2,2.381707,384,8,16,1,160.592325,0.028687,2.352941,15.809543,6.637904242629341,112.70717,16.979331,2.7822,17.416378,5784.967584,5775.362007,9.605577000000267,0.0016631991186626697
M Expansion,3,8192,2048,8,4,4,2.860221,192,8,16,1,170.577134,0.042137,2.816705,17.821392,6.2307744751192295,93.851299,15.062541,3.786938,20.950737,5784.967584,5775.362007,9.605577000000267,0.0016631991186626697
M Expansion,3,8192,2048,8,8,8,6.931053,768,8,16,1,359.924522,0.043847,6.886867,16.011629,2.310129355525055,38.72939,16.765031,10.213813,17.980369,5784.967584,5775.362007,9.605577000000267,0.0016631991186626697
M Expansion,3,8192,2048,32,1,1,19.235243,384,8,16,1,1681.369379,0.114175,19.121432,23.310197,1.2118483244531923,55.821589,46.063181,25.939136,31.490406,62530.08212,62546.879356,16.79723599999852,0.00026855434152666795
M Expansion,3,8192,2048,32,2,2,7.951579,768,32,16,1,992.513422,0.125355,7.832971,20.346467,2.558795806468124,135.035044,52.772888,9.028542,23.558684,62530.08212,62546.879356,16.79723599999852,0.00026855434152666795
M Expansion,3,8192,2048,32,4,4,9.314987,192,8,16,1,1018.013809,0.173963,9.107352,22.254598,2.3891174512642905,115.270351,48.248089,15.17728,28.469595,62530.08212,62546.879356,16.79723599999852,0.00026855434152666795
M Expansion,3,8192,2048,32,8,8,5.377477,384,64,16,1,1046.43196,0.159123,5.213551,25.005181,4.649983812111144,199.673904,42.940774,6.418701,26.147308,62530.08212,62546.879356,16.79723599999852,0.00026855434152666795
M Expansion,3,8192,2048,128,1,1,71.383821,384,64,16,1,4371.317281,0.45591,70.927911,28.596576,0.40060304421081633,60.167237,150.191663,94.667986,35.568798,-66860.374698,-66856.16759,4.207108000002336,6.292774700761659e-05
M Expansion,3,8192,2048,128,2,2,34.08811,384,8,16,1,2141.485579,0.46798,33.643316,27.680853,0.8120383617630897,125.996052,155.160222,35.280432,30.85833,-66860.374698,-66856.16759,4.207108000002336,6.292774700761659e-05
M Expansion,3,8192,2048,128,4,4,18.033824,768,32,16,1,2028.220492,0.463112,17.570712,26.464549,1.4674951358070258,238.161762,162.291347,18.825308,29.471229,-66860.374698,-66856.16759,4.207108000002336,6.292774700761659e-05
M Expansion,3,8192,2048,128,8,8,18.300227,768,8,16,1,1505.272546,0.635368,17.564199,26.93685,1.471940757893331,234.694755,159.445789,19.902363,30.893811,-66860.374698,-66856.16759,4.207108000002336,6.292774700761659e-05
M Expansion,3,8192,2048,512,1,1,344.819022,384,64,16,1,16530.830143,1.906419,342.912603,62.676665,0.18176684289766357,49.822858,274.103116,396.045055,72.63407,-113379.330718,-113414.025244,34.69452600000659,0.00030591036624759996
M Expansion,3,8192,2048,512,2,2,127.592556,384,64,16,1,6943.440908,1.893616,125.740177,64.081432,0.5022348795959539,134.646328,268.094339,135.692249,85.236045,-113379.330718,-113414.025244,34.69452600000659,0.00030591036624759996
M Expansion,3,8192,2048,512,4,4,71.297173,768,16,16,1,4659.846267,1.848716,69.506532,60.056036,0.8423340431744748,240.961436,286.063988,74.51084,68.852411,-113379.330718,-113414.025244,34.69452600000659,0.00030591036624759996
M Expansion,3,8192,2048,512,8,8,61.990176,192,32,16,1,3659.440284,1.861791,60.20248,64.818308,1.0456222611789328,277.138577,265.046554,70.223376,67.792084,-113379.330718,-113414.025244,34.69452600000659,0.00030591036624759996
Square,3,8192,8192,1,1,1,6.161191,192,8,16,1,963.890148,0.014577,6.108322,7.765276,1.2603530713461084,21.78438,17.284347,11.691595,9.764751,7387.404978,7392.074789,4.669811000000664,0.0006317321094951199
Square,3,8192,8192,1,2,2,1.596529,192,8,16,1,738.310518,0.014937,1.569818,3.928235,2.4604845887547295,84.068456,34.167439,2.485037,4.140163,7387.404978,7392.074789,4.669811000000664,0.0006317321094951199
Square,3,8192,8192,1,4,4,1.770671,384,8,16,1,617.023083,0.022023,1.749219,1.986541,1.1219142347731452,75.800489,67.563533,5.61357,2.21743,7387.404978,7392.074789,4.669811000000664,0.0006317321094951199
Square,3,8192,8192,1,8,8,6.406668,384,8,16,1,910.964547,0.015351,6.383498,2.154691,0.3363200652819844,20.949693,62.29094,9.211833,3.870602,7387.404978,7392.074789,4.669811000000664,0.0006317321094951199
Square,3,8192,8192,8,1,1,24.63599,768,8,16,1,1011.262828,0.119957,24.50103,77.109311,3.1299457013905267,43.584277,13.924931,32.824191,95.845329,58624.89973,58616.975524,7.9242059999960475,0.00013518619698745082
Square,3,8192,8192,8,2,2,10.31945,192,8,16,1,765.854428,0.126693,10.192757,79.902581,7.742910814045322,104.050296,13.438137,13.339973,83.570667,58624.89973,58616.975524,7.9242059999960475,0.00013518619698745082
Square,3,8192,8192,8,4,4,9.947426,384,8,16,1,765.751909,0.168691,9.778735,82.166305,8.26005692326839,107.941675,13.067909,12.723836,91.477497,58624.89973,58616.975524,7.9242059999960475,0.00013518619698745082
Square,3,8192,8192,8,8,8,6.826852,768,8,16,1,764.878673,0.170689,6.697668,98.944691,14.493457745971352,157.28213,10.85194,9.105308,107.505797,58624.89973,58616.975524,7.9242059999960475,0.00013518619698745082
Square,3,8192,8192,32,1,1,74.937926,384,16,16,1,7192.574156,0.467415,74.470511,92.474048,1.2340086380292936,57.313666,46.44511,106.750755,249.487441,-76378.943477,-76386.199367,7.255890000000363,9.498954078261183e-05
Square,3,8192,8192,32,2,2,34.696772,768,64,16,1,3957.971323,0.463748,34.164608,107.6348,3.102156016127379,123.785789,39.903147,36.801774,126.878191,-76378.943477,-76386.199367,7.255890000000363,9.498954078261183e-05
Square,3,8192,8192,32,4,4,18.725172,768,32,16,1,3830.690381,0.47529,18.266753,99.169822,5.296070017407583,229.368643,43.309217,20.683468,122.734091,-76378.943477,-76386.199367,7.255890000000363,9.498954078261183e-05
Square,3,8192,8192,32,8,8,20.055284,768,64,16,1,3486.993085,0.638513,19.414246,106.691626,5.319876098488558,214.156394,40.255899,20.132017,110.649155,-76378.943477,-76386.199367,7.255890000000363,9.498954078261183e-05
Square,3,8192,8192,128,1,1,304.137958,384,32,16,1,18199.27177,1.863876,302.274082,133.549568,0.4391085179838025,56.487093,128.640395,330.097431,138.683178,-92768.261819,-92818.876987,50.61516799998935,0.0005453111440583191
Square,3,8192,8192,128,2,2,127.923987,384,64,16,1,9170.711756,1.871848,125.914722,128.307352,1.0029968187279843,134.297481,133.896218,129.841104,139.856714,-92768.261819,-92818.876987,50.61516799998935,0.0005453111440583191
Square,3,8192,8192,128,4,4,68.074315,384,64,16,1,5927.604341,1.971692,66.034029,118.685789,1.7434738638207377,252.369329,144.750853,71.732453,129.178144,-92768.261819,-92818.876987,50.61516799998935,0.0005453111440583191
Square,3,8192,8192,128,8,8,61.572535,384,32,16,1,5574.19356,2.055568,59.576613,126.392226,2.0527370848057496,279.018384,135.925046,65.908905,136.371137,-92768.261819,-92818.876987,50.61516799998935,0.0005453111440583191
Square,3,8192,8192,512,1,1,1236.040126,192,32,16,1,67636.525915,8.90105,1226.171641,308.667768,0.24972309677266902,55.596477,222.6325,1263.637121,379.043288,350876.65616,350930.954552,54.29839199996786,0.00015472670990020082
Square,3,8192,8192,512,2,2,559.901513,192,32,16,1,30200.557618,8.300114,550.85922,298.096063,0.5324080326248377,122.734937,230.527958,600.070564,420.050063,350876.65616,350930.954552,54.29839199996786,0.00015472670990020082
Square,3,8192,8192,512,4,4,285.604468,192,32,16,1,16773.256135,8.842007,277.165763,244.736846,0.8569083239972283,240.61065,280.789255,305.821222,277.800058,350876.65616,350930.954552,54.29839199996786,0.00015472670990020082
Square,3,8192,8192,512,8,8,234.615034,384,32,16,1,14390.350236,7.988863,224.413372,316.319876,1.348250666664439,292.903125,217.246787,265.107581,546.92736,350876.65616,350930.954552,54.29839199996786,0.00015472670990020082
M Expansion,3,11008,4096,1,1,1,1.551425,768,8,16,1,485.746996,0.007528,1.543567,5.440904,3.507036434245935,58.125617,16.573999,2.302229,6.846706,-4575.791603,-4570.259152,5.532451000000037,0.00121053332338473
M Expansion,3,11008,4096,1,2,2,0.864109,192,8,16,1,393.129947,0.007377,0.856732,2.485178,2.8760005971468874,104.358982,36.286148,1.317724,2.848315,-4575.791603,-4570.259152,5.532451000000037,0.00121053332338473
M Expansion,3,11008,4096,1,4,4,1.24972,192,8,16,1,409.834565,0.011403,1.238284,1.387119,1.1099438274173414,72.158192,65.01067,1.752528,2.152782,-4575.791603,-4570.259152,5.532451000000037,0.00121053332338473
M Expansion,3,11008,4096,1,8,8,0.630443,768,8,16,1,593.071669,0.011238,0.619088,1.658537,2.630748537139757,143.038365,54.371736,1.165836,4.066324,-4575.791603,-4570.259152,5.532451000000037,0.00121053332338473
M Expansion,3,11008,4096,8,1,1,12.021944,768,8,16,1,572.456928,0.056304,11.965924,45.815492,3.810988638775892,60.008622,15.746208,16.680459,54.345506,15130.320663,15113.738297,16.582366000000548,0.0010971717039252996
M Expansion,3,11008,4096,8,2,2,6.147812,192,8,16,1,483.299576,0.05767,6.078907,46.30157,7.531390029493419,117.34586,15.580903,6.772528,48.980779,15130.320663,15113.738297,16.582366000000548,0.0010971717039252996
M Expansion,3,11008,4096,8,4,4,7.059178,768,8,16,1,518.287106,0.083688,6.984771,45.640385,6.465396537670533,102.196076,15.806621,7.78683,50.61972,15130.320663,15113.738297,16.582366000000548,0.0010971717039252996
M Expansion,3,11008,4096,8,8,8,3.981023,384,8,16,1,540.159929,0.061811,3.919598,45.000578,11.303772422314566,181.2148,16.031356,4.613893,47.063272,15130.320663,15113.738297,16.582366000000548,0.0010971717039252996
M Expansion,3,11008,4096,32,1,1,49.94047,768,64,16,1,4405.780625,0.238813,49.668692,58.477192,1.1709379587336683,57.782419,49.347122,76.954344,65.277681,44782.687188,44810.946135,28.258946999994805,0.0006306259839919537
M Expansion,3,11008,4096,32,2,2,22.076799,192,32,16,1,2547.854634,0.234403,21.832205,61.546941,2.787856201435724,130.711031,46.885858,23.903417,72.605185,44782.687188,44810.946135,28.258946999994805,0.0006306259839919537
M Expansion,3,11008,4096,32,4,4,13.213412,768,32,16,1,2520.261912,0.264642,12.984217,57.755979,4.371011741706079,218.390311,49.963332,15.107359,75.036928,44782.687188,44810.946135,28.258946999994805,0.0006306259839919537
M Expansion,3,11008,4096,32,8,8,13.544402,384,32,16,1,2595.289842,0.334937,13.131262,56.219259,4.150737625773364,213.053419,51.32905,14.311505,63.223818,44782.687188,44810.946135,28.258946999994805,0.0006306259839919537
M Expansion,3,11008,4096,128,1,1,205.271434,192,32,16,1,11537.601581,1.066244,204.330259,72.285909,0.3521479223455905,56.231519,159.681531,238.087409,75.560954,-12613.333705,-12669.02882,55.69511500000044,0.004396162941241177
M Expansion,3,11008,4096,128,2,2,123.142818,768,64,16,1,5812.007805,0.920472,122.226295,72.403579,0.5879642855014086,93.734452,159.422017,182.083958,81.898627,-12613.333705,-12669.02882,55.69511500000044,0.004396162941241177
M Expansion,3,11008,4096,128,4,4,49.139069,192,32,16,1,4064.219761,1.177669,48.046763,82.490965,1.6787246213394886,234.899131,139.927138,50.885704,104.437302,-12613.333705,-12669.02882,55.69511500000044,0.004396162941241177
M Expansion,3,11008,4096,128,8,8,44.277018,384,64,16,1,3831.286165,1.589578,42.68744,85.600623,1.9332969307011598,260.69336,134.843932,53.371194,92.910205,-12613.333705,-12669.02882,55.69511500000044,0.004396162941241177
M Expansion,3,11008,4096,512,1,1,755.892904,192,32,16,1,40631.897736,3.715607,752.202562,166.755816,0.2206077277846757,61.08127,276.87729,859.487895,171.468559,33883.940542,33921.217483,37.27694100000372,0.0010989269774495998
M Expansion,3,11008,4096,512,2,2,342.158842,192,64,16,1,19112.912581,3.931987,337.602919,202.442456,0.5916622081623716,134.939954,228.069247,350.616389,356.150003,33883.940542,33921.217483,37.27694100000372,0.0010989269774495998
M Expansion,3,11008,4096,512,4,4,214.526894,192,32,16,1,10813.195565,3.183413,211.413564,179.914388,0.8386565648967071,215.221959,256.627049,237.288298,198.430616,33883.940542,33921.217483,37.27694100000372,0.0010989269774495998
M Expansion,3,11008,4096,512,8,8,162.178058,384,64,16,1,9466.283792,4.23364,156.271657,159.956017,0.9862987568885553,284.692634,288.647463,188.96975,186.577675,33883.940542,33921.217483,37.27694100000372,0.0010989269774495998
M Expansion,3,14336,4096,1,1,1,2.040553,768,8,16,1,619.448481,0.007542,2.033228,7.176216,3.5167996126540206,57.553277,16.365242,3.366307,10.453501,-7756.29182,-7758.87398,2.5821599999999307,0.00033280086861262964
M Expansion,3,14336,4096,1,2,2,1.07601,384,8,16,1,499.373144,0.007467,1.042125,3.117966,2.8977109878160987,109.144443,37.665745,1.282516,3.583714,-7756.29182,-7758.87398,2.5821599999999307,0.00033280086861262964
M Expansion,3,14336,4096,1,4,4,1.445364,768,8,16,1,523.76963,0.011487,1.434169,2.418358,1.6731826723233731,81.253243,48.562087,1.673073,3.535714,-7756.29182,-7758.87398,2.5821599999999307,0.00033280086861262964
M Expansion,3,14336,4096,1,8,8,0.704316,768,8,16,1,702.968432,0.007658,0.696843,7.760111,11.01793939084161,166.744064,15.13387,1.316596,11.011609,-7756.29182,-7758.87398,2.5821599999999307,0.00033280086861262964
M Expansion,3,14336,4096,8,1,1,17.636831,768,8,16,1,836.805218,0.057772,17.579199,53.633087,3.040970739017684,53.270573,17.517621,25.388041,55.845343,21335.902259,21319.337175,16.565083999998024,0.0007769980775679543
M Expansion,3,14336,4096,8,2,2,7.498479,768,8,16,1,556.474474,0.057315,7.443127,57.784396,7.7061489403384344,125.295289,16.259132,8.002224,62.406214,21335.902259,21319.337175,16.565083999998024,0.0007769980775679543
M Expansion,3,14336,4096,8,4,4,9.324786,192,8,16,1,608.786262,0.082791,9.266126,58.274376,6.249406259832665,100.755567,16.122422,11.01104,65.34721,21335.902259,21319.337175,16.565083999998024,0.0007769980775679543
M Expansion,3,14336,4096,8,8,8,5.405506,768,8,16,1,679.72398,0.083205,5.320099,58.422816,10.808019822751099,173.808723,16.081459,7.246367,73.94763,21335.902259,21319.337175,16.565083999998024,0.0007769980775679543
M Expansion,3,14336,4096,32,1,1,73.736743,384,32,16,1,5271.323364,0.225712,73.511031,66.655789,0.903969802409092,50.966401,56.380645,110.330669,73.252458,56912.057271,56958.124623,46.067352000005485,0.0008087933425638673
M Expansion,3,14336,4096,32,2,2,28.471998,384,16,16,1,3370.345518,0.229598,28.252182,68.077569,2.3910358872601774,131.992717,55.203152,29.956204,98.627423,56912.057271,56958.124623,46.067352000005485,0.0008087933425638673
M Expansion,3,14336,4096,32,4,4,25.222435,192,8,16,1,3358.104469,0.273088,24.987779,67.308376,2.6685915138645413,148.998159,55.834008,31.871392,70.698553,56912.057271,56958.124623,46.067352000005485,0.0008087933425638673
M Expansion,3,14336,4096,32,8,8,16.459275,768,64,16,1,2905.653307,0.32547,16.129496,65.766118,3.9956874163655445,228.32697,57.143351,18.73211,96.753973,56912.057271,56958.124623,46.067352000005485,0.0008087933425638673
M Expansion,3,14336,4096,128,1,1,257.31253,192,64,16,1,15578.932878,0.993244,256.394957,90.080793,0.35008319649260766,58.420729,166.876701,306.862503,132.507458,-14862.852615,-14892.784231,29.93161599999985,0.0020098065973248873
M Expansion,3,14336,4096,128,2,2,112.930292,192,64,16,1,7400.258294,0.919639,112.045404,99.820013,0.8839082165837312,133.112075,150.594907,121.280261,105.125154,-14862.852615,-14892.784231,29.93161599999985,0.0020098065973248873
M Expansion,3,14336,4096,128,4,4,59.76973,768,32,16,1,5351.693072,0.942952,58.845685,98.616762,1.64994491358753,251.504993,152.432358,60.126728,119.713746,-14862.852615,-14892.784231,29.93161599999985,0.0020098065973248873
M Expansion,3,14336,4096,128,8,8,54.176074,192,32,16,1,4690.011163,1.036431,53.134974,94.767976,1.7492588333366497,277.472774,158.623051,58.697007,99.552836,-14862.852615,-14892.784231,29.93161599999985,0.0020098065973248873
M Expansion,3,14336,4096,512,1,1,1101.777618,384,32,16,1,52082.529838,4.706977,1095.105372,212.415246,0.1927932121053488,54.575026,283.075454,1430.480004,213.408395,42452.104378,42511.426763,59.322384999999485,0.0013954456370217846
M Expansion,3,14336,4096,512,2,2,520.713961,384,32,16,1,26020.970808,3.783033,516.397653,207.933378,0.39932360868657407,115.475187,289.17696,537.523438,247.433599,42452.104378,42511.426763,59.322384999999485,0.0013954456370217846
M Expansion,3,14336,4096,512,4,4,255.572558,192,64,16,1,14013.705646,3.953518,251.75056,213.13639,0.8339564766574039,235.27386,282.117672,257.780416,229.479122,42452.104378,42511.426763,59.322384999999485,0.0013954456370217846
M Expansion,3,14336,4096,512,8,8,247.444476,384,64,16,1,12823.008134,6.372068,240.681343,226.298766,0.9145436166455378,243.00216,265.708661,253.156876,263.511922,42452.104378,42511.426763,59.322384999999485,0.0013954456370217846
Square,4,1024,1024,1,1,1,0.041156,1024,8,16,1,26.773438,0.001749,0.039409,0.118325,2.8750364466906406,50.956167,17.723659,0.043496,0.152121,353.008682,353.810558,0.8018759999999929,0.0022663992972193694
Square,4,1024,1024,1,2,2,0.022514,512,8,16,1,17.589343,0.001987,0.020538,0.061624,2.7371413342808917,93.148796,34.031416,0.026656,0.077587,353.008682,353.810558,0.8018759999999929,0.0022663992972193694
Square,4,1024,1024,1,4,4,0.014888,256,8,16,1,14.08488,0.002304,0.012536,0.030791,2.068175711982805,140.861902,68.109253,0.01502,0.03558,353.008682,353.810558,0.8018759999999929,0.0022663992972193694
Square,4,1024,1024,1,8,8,0.020083,128,8,16,1,31.774459,0.003258,0.016817,0.019265,0.9592690335109296,104.424239,108.858137,0.049439,0.021037,353.008682,353.810558,0.8018759999999929,0.0022663992972193694
Square,4,1024,1024,8,1,1,0.340266,512,8,16,1,32.184041,0.013875,0.325987,3.186588,9.364990918869355,49.306178,5.264947,0.358942,4.400408,46.62395,45.254135,1.3698150000000027,0.030269388642606972
Square,4,1024,1024,8,2,2,0.171345,1024,8,16,1,19.669659,0.014866,0.156413,1.73581,10.13049695059675,97.914827,9.665353,0.183726,3.807654,46.62395,45.254135,1.3698150000000027,0.030269388642606972
Square,4,1024,1024,8,4,4,0.093405,256,8,16,1,16.689697,0.015078,0.078204,0.84623,9.059793372945775,179.617965,19.825835,0.104225,2.28307,46.62395,45.254135,1.3698150000000027,0.030269388642606972
Square,4,1024,1024,8,8,4,0.095601,1024,8,16,1,40.038745,0.014999,0.080563,0.867279,9.071861173000283,175.492056,19.344658,0.103406,3.951298,46.62395,45.254135,1.3698150000000027,0.030269388642606972
Square,4,1024,1024,32,1,1,1.323012,256,32,16,1,173.56458,0.055009,1.265029,3.630627,2.7442132044153795,50.724305,18.484098,1.355791,4.767411,3107.748629,3113.640896,5.89226699999972,0.0018924041650305071
Square,4,1024,1024,32,2,2,0.672922,256,64,16,1,104.334677,0.055812,0.609151,2.64564,3.9315700779585154,99.727552,25.365834,0.828652,5.267627,3107.748629,3113.640896,5.89226699999972,0.0018924041650305071
Square,4,1024,1024,32,4,4,0.378151,1024,16,16,1,246.118654,0.05695,0.320043,4.240832,11.214652347871617,177.465785,15.824457,0.401533,10.835174,3107.748629,3113.640896,5.89226699999972,0.0018924041650305071
Square,4,1024,1024,32,8,4,0.400635,1024,32,16,1,457.744674,0.05741,0.337656,2.103328,5.2499856477841425,167.506244,31.906038,0.86545,4.122805,3107.748629,3113.640896,5.89226699999972,0.0018924041650305071
Square,4,1024,1024,128,1,1,7.178404,128,32,16,1,487.704571,0.2302,6.774256,3.724642,0.5188677037402744,37.394866,72.070136,10.043943,6.182061,3251.846096,3254.91364,3.067543999999998,0.0009424348352296062
Square,4,1024,1024,128,2,2,4.038929,256,8,16,1,266.78206,0.237248,3.817375,3.175945,0.7863334562206961,66.462039,84.521444,5.87487,6.377643,3251.846096,3254.91364,3.067543999999998,0.0009424348352296062
Square,4,1024,1024,128,4,4,3.660566,1024,16,16,1,323.795811,0.31963,3.340311,4.091077,1.117607768853232,73.33168,65.614863,4.1806,11.033557,3251.846096,3254.91364,3.067543999999998,0.0009424348352296062
Square,4,1024,1024,128,8,4,1.57064,1024,64,16,1,502.03039,0.230706,1.309357,2.557666,1.6284228085366477,170.908328,104.953288,3.265663,5.854064,3251.846096,3254.91364,3.067543999999998,0.0009424348352296062
Square,4,1024,1024,512,1,1,42.580205,512,32,16,1,1943.019126,0.976401,41.66809,8.15335,0.1914821687683279,25.216925,131.693331,48.180526,12.535954,1384.804955,1346.130235,38.67471999999998,0.028730295921181783
Square,4,1024,1024,512,2,2,11.88715,256,64,16,1,914.353851,0.969635,10.926225,7.793855,0.6556537942231737,90.327944,137.767744,13.460834,9.863562,1384.804955,1346.130235,38.67471999999998,0.028730295921181783
Square,4,1024,1024,512,4,4,7.285631,1024,32,16,1,623.007373,0.939815,6.23557,8.532743,1.1711741920500778,147.378014,125.837825,8.400478,9.579842,1384.804955,1346.130235,38.67471999999998,0.028730295921181783
Square,4,1024,1024,512,8,8,7.98202,128,8,16,1,766.515285,1.329169,6.699444,11.211548,1.4046003392624924,134.520062,95.771059,8.994513,17.982708,1384.804955,1346.130235,38.67471999999998,0.028730295921181783
Medium Asymmetric,4,1024,2048,1,1,1,0.082893,512,8,16,1,36.751497,0.00358,0.079309,0.241295,2.9109213081924894,50.599013,17.382474,0.085839,0.259746,93.717133,96.195457,2.4783240000000006,0.025763420407681006
Medium Asymmetric,4,1024,2048,1,2,2,0.043571,512,8,16,1,28.92981,0.003826,0.039729,0.137999,3.1672213169309864,96.263662,30.393727,0.04827,0.24827,93.717133,96.195457,2.4783240000000006,0.025763420407681006
Medium Asymmetric,4,1024,2048,1,4,4,0.058138,512,8,16,1,30.359847,0.006207,0.051951,0.063791,1.0972341669820083,72.143933,65.750717,0.058471,0.067312,93.717133,96.195457,2.4783240000000006,0.025763420407681006
Medium Asymmetric,4,1024,2048,1,8,8,0.045164,512,8,16,1,58.089601,0.01123,0.033729,0.043207,0.9566690284297228,92.868302,97.074641,0.097792,0.07685,93.717133,96.195457,2.4783240000000006,0.025763420407681006
Medium Asymmetric,4,1024,2048,8,1,1,0.654566,128,8,16,1,46.604964,0.027597,0.627134,1.637294,2.501342874515328,51.262106,20.493834,1.434618,1.80434,71.587321,71.339856,0.24746500000000538,0.003468818327864376
Medium Asymmetric,4,1024,2048,8,2,2,0.335766,128,8,16,1,35.082935,0.02941,0.306488,1.670229,4.974383945962367,99.933978,20.089719,0.423757,2.26661,71.587321,71.339856,0.24746500000000538,0.003468818327864376
Medium Asymmetric,4,1024,2048,8,4,4,0.458344,1024,8,16,1,43.715065,0.03987,0.418433,3.868685,8.440570837624144,73.207966,8.673343,0.590039,5.414637,71.587321,71.339856,0.24746500000000538,0.003468818327864376
Medium Asymmetric,4,1024,2048,8,8,4,0.47975,1024,8,16,1,165.748182,0.043261,0.439138,1.654989,3.4496904637832206,69.941495,20.274716,0.705077,2.114133,71.587321,71.339856,0.24746500000000538,0.003468818327864376
Medium Asymmetric,4,1024,2048,32,1,1,2.600074,128,16,16,1,374.967309,0.1108,2.489684,3.877749,1.491399475553388,51.620734,34.612278,5.310898,6.991436,7605.041462,7625.415792,20.374329999999645,0.002671897579850639
Medium Asymmetric,4,1024,2048,32,2,2,1.333413,512,32,16,1,269.327202,0.113733,1.21968,3.891818,2.9186891083257778,100.657282,34.487154,2.554126,5.325954,7605.041462,7625.415792,20.374329999999645,0.002671897579850639
Medium Asymmetric,4,1024,2048,32,4,4,2.033319,512,32,16,1,289.549517,0.159162,1.913418,3.541475,1.7417212941009257,66.009184,37.898821,3.622555,6.864498,7605.041462,7625.415792,20.374329999999645,0.002671897579850639
Medium Asymmetric,4,1024,2048,32,8,4,0.827656,1024,64,16,1,384.985231,0.11034,0.718074,3.654211,4.4151326154827615,162.166079,36.729605,1.860537,4.610024,7605.041462,7625.415792,20.374329999999645,0.002671897579850639
Medium Asymmetric,4,1024,2048,128,1,1,12.681978,128,16,16,1,991.12588,0.444362,12.240344,5.707705,0.45006425653789967,42.333374,94.060732,16.432521,7.900257,-3014.372061,-3061.551066,47.17900499999996,0.015410164319630514
Medium Asymmetric,4,1024,2048,128,2,2,5.484262,256,16,16,1,529.958879,0.447729,5.04569,6.182964,1.1274012802451816,97.893009,86.830671,7.673795,7.807195,-3014.372061,-3061.551066,47.17900499999996,0.015410164319630514
Medium Asymmetric,4,1024,2048,128,4,4,7.37379,512,16,16,1,619.976863,0.635161,6.604075,4.925936,0.6680331281471266,72.808001,108.988609,8.216928,7.46083,-3014.372061,-3061.551066,47.17900499999996,0.015410164319630514
Medium Asymmetric,4,1024,2048,128,8,8,4.172761,512,8,16,1,548.261248,0.663364,3.590656,5.847679,1.4013932262116138,128.660834,91.809231,5.84922,7.330238,-3014.372061,-3061.551066,47.17900499999996,0.015410164319630514
Medium Asymmetric,4,1024,2048,512,1,1,56.425799,1024,32,16,1,3943.122672,2.04856,52.426528,12.191299,0.2160589520407146,38.058542,176.148879,66.892241,16.506162,-15049.479956,-15050.812433,1.3324769999999262,8.853189858896743e-05
Medium Asymmetric,4,1024,2048,512,2,2,24.807274,128,32,16,1,1810.654122,2.888463,21.780976,10.236944,0.41265896446340694,86.566692,209.777806,26.547643,10.95225,-15049.479956,-15050.812433,1.3324769999999262,8.853189858896743e-05
Medium Asymmetric,4,1024,2048,512,4,4,14.273854,128,32,16,1,1266.195669,2.015653,12.253325,10.043714,0.7036441594540619,150.448761,213.8137,16.686852,11.409933,-15049.479956,-15050.812433,1.3324769999999262,8.853189858896743e-05
Medium Asymmetric,4,1024,2048,512,8,8,16.025896,128,8,16,1,1179.264041,2.579778,12.645502,9.647892,0.6020188824387729,134.000848,222.585788,20.871848,14.640851,-15049.479956,-15050.812433,1.3324769999999262,8.853189858896743e-05
K Expansion,4,1024,4096,1,1,1,0.465998,512,8,16,1,101.671189,0.011082,0.454303,0.524624,1.125807406898742,18.001382,15.989753,0.534968,0.76428,-1696.434803,-1698.86142,2.426616999999851,0.0014283784253572907
K Expansion,4,1024,4096,1,2,2,0.106444,128,8,16,1,82.789614,0.009384,0.097094,0.256213,2.4070215324489874,78.807711,32.740759,0.296778,0.285827,-1696.434803,-1698.86142,2.426616999999851,0.0014283784253572907
K Expansion,4,1024,4096,1,4,4,0.111679,128,8,16,1,88.331143,0.010629,0.10103,0.123854,1.1090178099732269,75.113567,67.729811,0.41436,0.140229,-1696.434803,-1698.86142,2.426616999999851,0.0014283784253572907
K Expansion,4,1024,4096,1,8,4,0.120028,1024,8,16,1,212.790746,0.011775,0.106902,0.070026,0.5834138700969774,69.888759,119.792763,0.252107,0.108888,-1696.434803,-1698.86142,2.426616999999851,0.0014283784253572907
K Expansion,4,1024,4096,8,1,1,1.339855,256,8,16,1,90.661975,0.055336,1.283016,4.116641,3.072452616141299,50.086662,16.30185,2.838526,5.713222,-1091.051609,-1087.219589,3.832020000000057,0.003524605368382538
K Expansion,4,1024,4096,8,2,2,0.676219,128,8,16,1,69.831566,0.056833,0.619386,5.577689,8.248347059162786,99.241317,12.031661,1.179952,8.780364,-1091.051609,-1087.219589,3.832020000000057,0.003524605368382538
K Expansion,4,1024,4096,8,4,4,1.052743,128,8,16,1,85.161695,0.067196,0.982554,4.053049,3.849989028661316,63.746673,16.557625,1.73384,5.327632,-1091.051609,-1087.219589,3.832020000000057,0.003524605368382538
K Expansion,4,1024,4096,8,8,4,0.933758,1024,8,16,1,210.433056,0.083051,0.854707,3.704611,3.967420894921382,71.869654,18.114956,1.26207,5.040342,-1091.051609,-1087.219589,3.832020000000057,0.003524605368382538
K Expansion,4,1024,4096,32,1,1,6.056307,256,32,16,1,707.726376,0.227713,5.824831,5.890722,0.9726590808557096,44.323291,45.569194,7.391842,8.1707,7871.833084,7871.003268,0.8298159999994823,0.00010542696677222143
K Expansion,4,1024,4096,32,2,2,3.525324,256,16,16,1,435.650057,0.230582,2.954533,6.465859,1.8341176584052985,76.144904,41.515823,5.296536,6.973662,7871.833084,7871.003268,0.8298159999994823,0.00010542696677222143
K Expansion,4,1024,4096,32,4,4,3.478892,256,64,16,1,519.232993,0.316513,3.18256,6.052665,1.7398254961637212,77.161193,44.349961,3.805367,7.503829,7871.833084,7871.003268,0.8298159999994823,0.00010542696677222143
K Expansion,4,1024,4096,32,8,4,1.73842,1024,32,16,1,618.171193,0.231252,1.507357,5.899322,3.3934963932766533,154.413465,45.502764,2.867325,7.676428,7871.833084,7871.003268,0.8298159999994823,0.00010542696677222143
K Expansion,4,1024,4096,128,1,1,26.25013,256,8,16,1,2068.379723,0.965768,25.289294,6.739667,0.2567479475339741,40.904248,159.316747,29.310052,9.200662,4013.472871,3984.858701,28.61416999999983,0.007180723871794778
K Expansion,4,1024,4096,128,2,2,11.60301,256,8,16,1,1091.998765,0.954197,10.60571,6.681787,0.5758666932115029,92.539938,160.696805,12.624095,7.861191,4013.472871,3984.858701,28.61416999999983,0.007180723871794778
K Expansion,4,1024,4096,128,4,4,18.015179,1024,32,16,1,1144.682558,0.96171,17.07456,7.050508,0.3913648595997853,59.602062,152.292831,19.685642,7.462106,4013.472871,3984.858701,28.61416999999983,0.007180723871794778
K Expansion,4,1024,4096,128,8,4,8.015028,1024,32,16,1,871.190292,0.9469,7.068128,6.694612,0.8352574688447753,133.966073,160.388955,10.066009,9.200775,4013.472871,3984.858701,28.61416999999983,0.007180723871794778
K Expansion,4,1024,4096,512,1,1,105.217746,128,32,16,1,8022.834435,3.95239,99.961076,18.063243,0.17167487127123973,40.8198,237.773876,114.714379,20.510311,-474.977784,-478.142963,3.1651790000000233,0.0066197335209971985
K Expansion,4,1024,4096,512,2,2,49.227555,128,32,16,1,3745.82883,3.914587,45.238993,14.063993,0.2856935104739612,87.247219,305.387474,50.160137,16.241413,-474.977784,-478.142963,3.1651790000000233,0.0066197335209971985
K Expansion,4,1024,4096,512,4,4,29.775232,1024,8,16,1,2445.900688,3.758233,25.979724,14.890343,0.5000915861881445,144.246308,288.439782,31.458228,20.503546,-474.977784,-478.142963,3.1651790000000233,0.0066197335209971985
K Expansion,4,1024,4096,512,8,8,27.755489,1024,64,16,1,2166.289848,4.69344,23.062049,17.241714,0.6212001525175795,154.742988,249.103268,34.967533,19.848593,-474.977784,-478.142963,3.1651790000000233,0.0066197335209971985
Medium Asymmetric,4,2048,1024,1,1,1,0.08253,256,8,16,1,32.981364,0.001799,0.080723,0.234991,2.847340361080819,50.821568,17.848786,0.084363,0.252737,6.377302,9.966278,3.5889760000000006,0.3601119695838306
Medium Asymmetric,4,2048,1024,1,2,2,0.042739,128,8,16,1,33.106491,0.001892,0.040835,0.117417,2.747303399705187,98.137626,35.721437,0.053586,0.128025,6.377302,9.966278,3.5889760000000006,0.3601119695838306
Medium Asymmetric,4,2048,1024,1,4,4,0.023873,1024,8,16,1,34.740998,0.001941,0.021951,0.05955,2.49444979684162,175.692372,70.433317,0.027221,0.061807,6.377302,9.966278,3.5889760000000006,0.3601119695838306
Medium Asymmetric,4,2048,1024,1,8,8,0.034681,256,8,16,1,33.832251,0.00322,0.031444,0.040016,1.153830627721231,120.939535,104.815674,0.066813,0.044534,6.377302,9.966278,3.5889760000000006,0.3601119695838306
Medium Asymmetric,4,2048,1024,8,1,1,0.689744,1024,8,16,1,48.552932,0.014409,0.675513,1.74932,2.5361873390707275,48.647661,19.181414,1.045184,1.907761,667.308625,666.505304,0.8033209999999826,0.0012052732291534512
Medium Asymmetric,4,2048,1024,8,2,2,0.33423,512,8,16,1,41.39305,0.014701,0.319908,1.771699,5.300837746462016,100.393238,18.939127,0.3856,2.997678,667.308625,666.505304,0.8033209999999826,0.0012052732291534512
Medium Asymmetric,4,2048,1024,8,4,4,0.433689,128,8,16,1,41.223322,0.024023,0.411009,2.51893,5.80814823525614,77.369802,13.320907,0.485011,3.670688,667.308625,666.505304,0.8033209999999826,0.0012052732291534512
Medium Asymmetric,4,2048,1024,8,8,8,0.253653,1024,8,16,1,91.402826,0.024584,0.228924,1.804725,7.114936547172712,132.284783,18.592546,0.470061,2.732746,667.308625,666.505304,0.8033209999999826,0.0012052732291534512
Medium Asymmetric,4,2048,1024,32,1,1,2.72715,128,32,16,1,311.949917,0.057031,2.669605,3.718292,1.3634350879122894,49.215382,36.096608,3.266863,7.501886,3020.42206,3026.844521,6.422461000000112,0.00212183379603465
Medium Asymmetric,4,2048,1024,32,2,2,1.268339,256,16,16,1,217.224058,0.05545,1.212889,4.14451,3.2676673980694435,105.821652,32.384462,1.492123,5.97145,3020.42206,3026.844521,6.422461000000112,0.00212183379603465
Medium Asymmetric,4,2048,1024,32,4,4,2.016703,128,16,16,1,292.605746,0.080385,1.936121,3.787539,1.8780846758298073,66.553046,35.436659,2.760545,5.578141,3020.42206,3026.844521,6.422461000000112,0.00212183379603465
Medium Asymmetric,4,2048,1024,32,8,8,0.941819,1024,8,16,1,388.948922,0.080724,0.872808,5.236223,5.559691405673489,142.509047,25.632546,1.176548,6.473865,3020.42206,3026.844521,6.422461000000112,0.00212183379603465
Medium Asymmetric,4,2048,1024,128,1,1,13.749422,1024,32,16,1,1058.409971,0.225429,13.526219,5.761824,0.4190593611862375,39.046799,93.177249,16.934008,9.982739,11983.219762,11981.299902,1.9198599999999715,0.00016023803891925743
Medium Asymmetric,4,2048,1024,128,2,2,6.060488,512,32,16,1,513.244529,0.222275,5.816213,12.073629,1.992187592814308,88.585426,44.466408,7.352409,14.241808,11983.219762,11981.299902,1.9198599999999715,0.00016023803891925743
Medium Asymmetric,4,2048,1024,128,4,4,2.982839,1024,64,16,1,527.863978,0.230452,2.744079,5.218564,1.7495292236691287,179.986554,102.877135,5.457927,9.054416,11983.219762,11981.299902,1.9198599999999715,0.00016023803891925743
Medium Asymmetric,4,2048,1024,128,8,8,3.730429,128,64,16,1,464.26909,0.318508,3.411921,5.482155,1.4695776276669519,143.916668,97.930633,5.588497,7.199287,11983.219762,11981.299902,1.9198599999999715,0.00016023803891925743
Medium Asymmetric,4,2048,1024,512,1,1,54.604794,256,64,16,1,3984.679832,0.912784,53.705828,13.545696,0.24806788942377478,39.327749,158.536235,89.890115,15.432174,-4030.274995,-4052.605899,22.33090399999992,0.005510257981293018
Medium Asymmetric,4,2048,1024,512,2,2,23.129575,1024,16,16,1,1833.785061,0.997656,22.108182,11.530755,0.49852861541986826,92.845789,186.239639,24.961997,16.845657,-4030.274995,-4052.605899,22.33090399999992,0.005510257981293018
Medium Asymmetric,4,2048,1024,512,4,4,12.117681,1024,64,16,1,1491.341962,0.928167,11.124967,8.990166,0.7419048248588159,177.219028,238.8703,14.35676,10.868726,-4030.274995,-4052.605899,22.33090399999992,0.005510257981293018
Medium Asymmetric,4,2048,1024,512,8,8,17.310503,1024,64,16,1,1721.708229,1.277993,14.892652,14.178366,0.8190614680578606,124.056687,151.461998,22.53337,18.013079,-4030.274995,-4052.605899,22.33090399999992,0.005510257981293018
Square,4,2048,2048,1,1,1,0.196087,256,8,16,1,63.852653,0.003629,0.191704,0.507697,2.5891415545140672,42.780031,16.522863,0.422113,0.699568,-790.725845,-793.003372,2.2775269999999637,0.0028720268796031847
Square,4,2048,2048,1,2,2,0.089348,1024,8,16,1,60.736538,0.003838,0.085671,0.261419,2.925851725836057,93.886914,32.088746,0.192114,0.341423,-790.725845,-793.003372,2.2775269999999637,0.0028720268796031847
Square,4,2048,2048,1,4,4,0.115256,256,8,16,1,60.589362,0.00615,0.109135,0.121846,1.0571770667036857,72.782397,68.845986,0.146084,0.129027,-790.725845,-793.003372,2.2775269999999637,0.0028720268796031847
Square,4,2048,2048,1,8,8,1.730731,512,8,16,1,221.925009,0.005875,1.724488,1.621954,0.9371496783728955,4.846858,5.171915,2.908121,3.012093,-790.725845,-793.003372,2.2775269999999637,0.0028720268796031847
Square,4,2048,2048,8,1,1,1.333243,1024,8,16,1,77.206046,0.027674,1.301577,7.831266,5.873847453164952,50.335058,8.569351,1.884924,10.027433,19.313394,10.775167,8.538227,0.7923985772099865
Square,4,2048,2048,8,2,2,0.631067,128,8,16,1,69.452111,0.028243,0.602009,4.614612,7.312396306572836,106.3419,14.542688,0.747719,6.683126,19.313394,10.775167,8.538227,0.7923985772099865
Square,4,2048,2048,8,4,4,0.879743,128,8,16,1,77.271332,0.031185,0.832911,4.234033,4.812806694682425,76.282351,15.849868,0.976623,6.319618,19.313394,10.775167,8.538227,0.7923985772099865
Square,4,2048,2048,8,8,8,5.786361,1024,8,16,1,250.147291,0.046249,5.75471,5.173983,0.8941687184743571,11.597767,12.970445,10.156879,7.092103,19.313394,10.775167,8.538227,0.7923985772099865
Square,4,2048,2048,32,1,1,5.219669,128,32,16,1,592.523756,0.110452,5.109316,4.836558,0.9266024339857567,51.427678,55.501341,5.524927,5.128361,19547.258105,19586.073408,38.8153029999994,0.0019817807373347816
Square,4,2048,2048,32,2,2,2.539203,128,32,16,1,407.662462,0.110189,2.419511,4.812011,1.8950871592385483,105.716422,55.784464,2.97619,5.496399,19547.258105,19586.073408,38.8153029999994,0.0019817807373347816
Square,4,2048,2048,32,4,4,1.304621,128,32,16,1,391.363953,0.110442,1.194511,10.346128,7.9303705827209585,205.757424,25.945499,1.836515,13.757829,19547.258105,19586.073408,38.8153029999994,0.0019817807373347816
Square,4,2048,2048,32,8,8,1.912767,1024,8,16,1,572.16622,0.161057,1.75171,5.728876,2.99507258333085,140.338816,46.856566,2.469155,7.644007,19547.258105,19586.073408,38.8153029999994,0.0019817807373347816
Square,4,2048,2048,128,1,1,23.645016,256,64,16,1,1707.414338,0.455918,23.189098,9.42036,0.39840785051699695,45.410916,113.980976,25.025876,15.090045,-9363.989436,-9423.527491,59.538055000000895,0.006318022105508058
Square,4,2048,2048,128,2,2,11.463153,256,8,16,1,998.337791,0.460451,10.662017,9.866397,0.8607053399705996,93.668978,108.828159,12.108802,12.597845,-9363.989436,-9423.527491,59.538055000000895,0.006318022105508058
Square,4,2048,2048,128,4,4,7.863258,1024,8,16,1,963.599767,0.47519,7.412947,8.591301,1.0925879578159587,136.551773,124.980119,8.762174,11.874929,-9363.989436,-9423.527491,59.538055000000895,0.006318022105508058
Square,4,2048,2048,128,8,8,7.267312,128,64,16,1,797.850459,0.633136,6.634176,8.755383,1.2047622284553077,147.749515,122.637904,8.326754,11.285072,-9363.989436,-9423.527491,59.538055000000895,0.006318022105508058
Square,4,2048,2048,512,1,1,105.588277,256,16,16,1,8313.38074,1.942144,103.567015,23.040474,0.21821053108007435,40.676554,186.409676,111.162408,32.035835,-13079.053349,-13049.466433,29.5869160000002,0.002267289329560606
Square,4,2048,2048,512,2,2,45.442929,512,64,16,1,3500.236299,1.952209,43.490696,14.465516,0.3183227031866718,94.513435,296.910756,49.216836,16.457473,-13079.053349,-13049.466433,29.5869160000002,0.002267289329560606
Square,4,2048,2048,512,4,4,26.980723,1024,32,16,1,2564.969955,1.909399,24.928326,17.130017,0.6348983679940674,159.186516,250.727556,29.496854,18.21075,-13079.053349,-13049.466433,29.5869160000002,0.002267289329560606
Square,4,2048,2048,512,8,8,24.904307,256,32,16,1,1989.197179,2.211263,22.579291,20.307171,0.8154079934848217,172.458816,211.500031,25.148165,140.644598,-13079.053349,-13049.466433,29.5869160000002,0.002267289329560606
Medium Asymmetric,4,2048,4096,1,1,1,0.334623,1024,8,16,1,147.052989,0.006948,0.327614,0.968248,2.8935488594627388,50.137665,17.327395,0.357711,1.001154,-4043.237871,-4042.122364,1.1155069999999796,0.0002759706163115995
Medium Asymmetric,4,2048,4096,1,2,2,0.168943,256,8,16,1,121.313205,0.007321,0.161509,0.482094,2.853589672256323,99.306962,34.800715,0.17633,0.540115,-4043.237871,-4042.122364,1.1155069999999796,0.0002759706163115995
Medium Asymmetric,4,2048,4096,1,4,4,0.281678,512,8,16,1,141.32779,0.011102,0.266526,0.252248,0.8955189968687652,59.561684,66.510799,0.835997,0.366349,-4043.237871,-4042.122364,1.1155069999999796,0.0002759706163115995
Medium Asymmetric,4,2048,4096,1,8,8,1.613443,512,8,16,1,238.704879,0.012335,1.599115,0.251927,0.15614248535585082,10.398394,66.595546,4.163463,0.423875,-4043.237871,-4042.122364,1.1155069999999796,0.0002759706163115995
Medium Asymmetric,4,2048,4096,8,1,1,2.722897,1024,8,16,1,184.156109,0.056891,2.665411,7.717028,2.8341240965045684,49.292253,17.392412,5.05359,8.021241,270.354167,263.231167,7.1229999999999905,0.027059865597146366
Medium Asymmetric,4,2048,4096,8,2,2,1.33589,128,8,16,1,139.07588,0.056312,1.279856,7.881604,5.899889960999783,100.470644,17.02924,2.596361,8.894327,270.354167,263.231167,7.1229999999999905,0.027059865597146366
Medium Asymmetric,4,2048,4096,8,4,4,1.824176,128,8,16,1,165.60309,0.06214,1.764131,7.747858,4.247319337607775,73.577181,17.323204,2.308749,7.924301,270.354167,263.231167,7.1229999999999905,0.027059865597146366
Medium Asymmetric,4,2048,4096,8,8,8,2.987982,512,8,16,1,236.003531,0.067326,2.926373,7.682008,2.5709686336798545,44.919189,17.471699,5.788484,8.098406,270.354167,263.231167,7.1229999999999905,0.027059865597146366
Medium Asymmetric,4,2048,4096,32,1,1,11.932523,1024,64,16,1,1455.431664,0.22584,11.588575,11.006832,0.9224228606138031,44.992238,48.776152,15.20563,19.378634,9933.279923,9930.376257,2.9036660000001575,0.0002924024150598866
Medium Asymmetric,4,2048,4096,32,2,2,5.98015,512,16,16,1,903.608945,0.233622,5.72554,10.527841,1.7604643696228357,89.775493,50.995348,7.916999,19.336981,9933.279923,9930.376257,2.9036660000001575,0.0002924024150598866
Medium Asymmetric,4,2048,4096,32,4,4,7.664464,256,64,16,1,1038.562055,0.31883,7.340031,10.823565,1.4121750718641253,70.046765,49.602041,8.606375,13.402533,9933.279923,9930.376257,2.9036660000001575,0.0002924024150598866
Medium Asymmetric,4,2048,4096,32,8,8,4.074392,256,64,16,1,961.696515,0.334866,3.585066,11.565909,2.83868341583235,131.767123,46.418393,7.709324,14.31049,9933.279923,9930.376257,2.9036660000001575,0.0002924024150598866
Medium Asymmetric,4,2048,4096,128,1,1,61.000694,256,32,16,1,4212.778,1.14315,60.080056,17.492947,0.2867663603958342,35.204249,122.762828,81.968028,21.702099,8966.0279,8912.909535,53.11836499999845,0.005959711000252898
Medium Asymmetric,4,2048,4096,128,2,2,25.016891,256,8,16,1,2151.489461,0.940053,24.060365,15.798008,0.6314936576251621,85.841348,135.933825,28.401277,17.833333,8966.0279,8912.909535,53.11836499999845,0.005959711000252898
Medium Asymmetric,4,2048,4096,128,4,4,14.241099,512,64,16,1,1814.760192,0.941053,13.300046,17.028622,1.1957379132045918,150.794798,126.110242,14.904041,21.556527,8966.0279,8912.909535,53.11836499999845,0.005959711000252898
Medium Asymmetric,4,2048,4096,128,8,8,14.417016,256,32,16,1,1573.501749,0.985547,13.454036,14.319982,0.9932694810077203,148.954794,149.96413,15.35772,16.676381,8966.0279,8912.909535,53.11836499999845,0.005959711000252898
Medium Asymmetric,4,2048,4096,512,1,1,239.533331,512,32,16,1,18450.021045,3.891338,235.641993,33.207363,0.13863357914059984,35.861124,258.675601,262.129334,39.451305,28138.250191,28233.133658,94.88346699999965,0.0033607132721915887
Medium Asymmetric,4,2048,4096,512,2,2,95.05805,256,32,16,1,6914.290977,3.978688,89.957671,32.632961,0.3432950812687616,90.365146,263.228782,144.414862,39.761423,28138.250191,28233.133658,94.88346699999965,0.0033607132721915887
Medium Asymmetric,4,2048,4096,512,4,4,50.582028,256,64,16,1,4169.972448,3.833333,46.450802,33.426026,0.6608281107273911,169.82187,256.983423,61.550051,38.619654,28138.250191,28233.133658,94.88346699999965,0.0033607132721915887
Medium Asymmetric,4,2048,4096,512,8,8,49.044317,128,16,16,1,3741.286261,5.523859,42.114793,38.330491,0.7815480639683493,175.14638,224.101867,52.690812,44.018076,28138.250191,28233.133658,94.88346699999965,0.0033607132721915887
K Expansion,4,2048,8192,1,1,1,0.825122,1024,8,16,1,281.441391,0.014372,0.810825,1.981852,2.4018896599533157,40.666025,16.930847,2.038794,2.981947,-845.181701,-841.449844,3.731856999999991,0.004435032018378972
K Expansion,4,2048,8192,1,2,2,0.395652,512,8,16,1,253.109927,0.014384,0.380731,1.003638,2.536668587546632,84.807942,33.432803,0.811414,1.120941,-845.181701,-841.449844,3.731856999999991,0.004435032018378972
K Expansion,4,2048,8192,1,4,4,0.526786,1024,8,16,1,284.106538,0.015543,0.49518,0.612353,1.1624321830876296,63.696514,54.795897,0.803055,0.890773,-845.181701,-841.449844,3.731856999999991,0.004435032018378972
K Expansion,4,2048,8192,1,8,8,0.764472,1024,8,16,1,481.640693,0.02292,0.738719,2.788579,3.6477189485030186,43.892297,12.032807,2.912777,4.847849,-845.181701,-841.449844,3.731856999999991,0.004435032018378972
K Expansion,4,2048,8192,8,1,1,6.655686,256,8,16,1,390.755359,0.123459,6.521254,15.620687,2.346968742215303,40.331749,17.184613,7.898767,16.231876,10046.045372,10056.257717,10.212344999999914,0.0010155214083998711
K Expansion,4,2048,8192,8,2,2,3.182528,256,8,16,1,317.485285,0.114991,3.067537,18.565817,5.833669648782351,84.346613,14.458586,3.907314,19.26583,10046.045372,10056.257717,10.212344999999914,0.0010155214083998711
K Expansion,4,2048,8192,8,4,4,3.973053,256,8,16,1,345.87226,0.131345,3.858274,16.703688,4.204244947147697,67.564026,16.07043,5.533865,21.961867,10046.045372,10056.257717,10.212344999999914,0.0010155214083998711
K Expansion,4,2048,8192,8,8,8,2.248672,1024,8,16,1,490.201234,0.130447,2.08021,17.296223,7.691750064037797,119.375105,15.519889,3.080044,19.424437,10046.045372,10056.257717,10.212344999999914,0.0010155214083998711
K Expansion,4,2048,8192,32,1,1,22.071534,256,64,16,1,2491.283976,0.456205,21.609431,19.163014,0.8682230242809584,48.648265,56.031991,23.097149,20.012748,-19023.012096,-19021.389735,1.622360999997909,8.529140207945531e-05
K Expansion,4,2048,8192,32,2,2,12.127248,128,32,16,1,1837.328913,0.520029,11.596702,20.164901,1.6627763363955286,88.539611,53.248058,13.714227,22.046781,-19023.012096,-19021.389735,1.622360999997909,8.529140207945531e-05
K Expansion,4,2048,8192,32,4,4,13.771726,128,16,16,1,1937.17381,0.699598,13.206099,22.833038,1.6579648767336788,77.967121,47.025798,15.433178,35.405613,-19023.012096,-19021.389735,1.622360999997909,8.529140207945531e-05
K Expansion,4,2048,8192,32,8,8,8.955858,256,16,16,1,1715.714631,0.519024,8.436529,25.040022,2.7959378096436995,119.892681,42.881026,13.207323,47.349036,-19023.012096,-19021.389735,1.622360999997909,8.529140207945531e-05
K Expansion,4,2048,8192,128,1,1,91.055071,128,32,16,1,7137.565254,1.900373,88.787877,28.043842,0.3079877012011775,47.168897,153.151886,97.957674,34.717144,-47164.021237,-47078.402288,85.61894900000334,0.0018186460210827312
K Expansion,4,2048,8192,128,2,2,60.894057,256,16,16,1,4321.554528,2.314394,58.263944,30.353921,0.4984709920050162,70.531797,141.496293,86.477597,35.693118,-47164.021237,-47078.402288,85.61894900000334,0.0018186460210827312
K Expansion,4,2048,8192,128,4,4,25.251276,128,8,16,1,2706.263663,2.031105,23.196828,26.35898,1.0438672485303315,170.089119,162.941331,26.458762,28.325503,-47164.021237,-47078.402288,85.61894900000334,0.0018186460210827312
K Expansion,4,2048,8192,128,8,8,23.769493,128,32,16,1,3087.837225,2.174461,21.899083,24.848199,1.0453819524042856,180.692424,172.848233,29.136948,32.470042,-47164.021237,-47078.402288,85.61894900000334,0.0018186460210827312
K Expansion,4,2048,8192,512,1,1,512.72966,128,64,16,1,29952.189175,10.629702,498.333809,55.306391,0.10786657241556886,33.506681,310.630813,676.415336,68.023534,127944.697319,128134.33241,189.63509100000374,0.0014799709604231257
K Expansion,4,2048,8192,512,2,2,188.182711,128,64,16,1,13935.117038,8.130281,180.060607,63.509494,0.33748846353903356,91.293558,270.508677,225.461364,78.270653,127944.697319,128134.33241,189.63509100000374,0.0014799709604231257
K Expansion,4,2048,8192,512,4,4,98.513747,128,16,16,1,8708.277295,8.072079,90.006472,54.769393,0.5559568554427232,174.390577,313.676458,102.728027,66.505563,127944.697319,128134.33241,189.63509100000374,0.0014799709604231257
K Expansion,4,2048,8192,512,8,8,87.084287,256,32,16,1,7225.311257,8.412562,76.894464,56.176845,0.6450858924756425,197.278634,305.817623,89.562516,58.38881,127944.697319,128134.33241,189.63509100000374,0.0014799709604231257
M Expansion,4,4096,1024,1,1,1,0.165809,512,8,16,1,66.509185,0.001827,0.163982,0.485758,2.929623844302782,50.591994,17.269109,0.188066,0.536674,-4864.065449,-4865.599056,1.533607000000302,0.00031519387075454536
M Expansion,4,4096,1024,1,2,2,0.082834,128,8,16,1,59.596049,0.002045,0.080766,0.320078,3.8640896250331984,101.270106,26.208012,0.105304,0.388478,-4864.065449,-4865.599056,1.533607000000302,0.00031519387075454536
M Expansion,4,4096,1024,1,4,4,0.107676,128,8,16,1,71.630199,0.002919,0.104819,0.12977,1.2051896430030833,77.906014,64.642121,0.187211,0.144999,-4864.065449,-4865.599056,1.533607000000302,0.00031519387075454536
M Expansion,4,4096,1024,1,8,8,4.086749,1024,8,16,1,266.02092,0.003226,4.082954,0.085545,0.02093228627449349,2.052636,98.060763,6.695966,0.113727,-4864.065449,-4865.599056,1.533607000000302,0.00031519387075454536
M Expansion,4,4096,1024,8,1,1,3.386854,128,8,16,1,119.851799,0.017464,3.372419,6.038141,1.7828170331523001,19.814513,11.11416,5.137845,10.654479,1516.996213,1510.898452,6.097760999999991,0.0040358509812014765
M Expansion,4,4096,1024,8,2,2,0.663146,512,8,16,1,79.676816,0.013991,0.64916,4.755843,7.171637919854752,101.197721,14.110824,0.759384,6.758284,1516.996213,1510.898452,6.097760999999991,0.0040358509812014765
M Expansion,4,4096,1024,8,4,4,0.869352,128,8,16,1,80.449783,0.021379,0.847973,4.411085,5.073991892812117,77.194122,15.213686,1.152587,9.341483,1516.996213,1510.898452,6.097760999999991,0.0040358509812014765
M Expansion,4,4096,1024,8,8,8,0.455967,1024,8,16,1,112.338758,0.021117,0.433094,4.170488,9.14646893305875,147.179213,16.09137,0.628482,4.615095,1516.996213,1510.898452,6.097760999999991,0.0040358509812014765
M Expansion,4,4096,1024,32,1,1,6.863901,128,32,16,1,619.091126,0.059515,6.809098,6.743913,0.982518978639115,39.108294,39.80411,10.616264,7.51907,9899.662396,9925.356875,25.694478999999774,0.002588771297958974
M Expansion,4,4096,1024,32,2,2,2.907014,256,8,16,1,608.171067,0.057109,2.846975,6.342822,2.1819028047336544,92.340613,42.32114,3.848589,7.484914,9899.662396,9925.356875,25.694478999999774,0.002588771297958974
M Expansion,4,4096,1024,32,4,4,3.309923,256,8,16,1,603.857182,0.061108,3.248691,5.886699,1.7785002853540703,81.100212,45.600337,3.985552,7.046898,9899.662396,9925.356875,25.694478999999774,0.002588771297958974
M Expansion,4,4096,1024,32,8,8,1.791813,128,64,16,1,456.056683,0.082883,1.734843,5.58791,3.118578780263342,149.812205,48.038615,2.844333,7.011252,9899.662396,9925.356875,25.694478999999774,0.002588771297958974
M Expansion,4,4096,1024,128,1,1,28.299641,128,8,16,1,2574.555975,0.222318,28.07733,8.412974,0.297282004390091,37.941889,127.629281,35.685286,9.254947,15825.537825,15790.503542,35.03428299999905,0.0022186932105625343
M Expansion,4,4096,1024,128,2,2,11.153457,256,8,16,1,957.704627,0.223779,10.932129,6.418977,0.5755145691600372,96.269867,167.27616,12.592277,6.483272,15825.537825,15790.503542,35.03428299999905,0.0022186932105625343
M Expansion,4,4096,1024,128,4,4,5.36941,1024,64,16,1,1030.801684,0.233141,5.125711,6.406641,1.1931741103771176,199.973894,167.598251,7.379538,7.275174,15825.537825,15790.503542,35.03428299999905,0.0022186932105625343
M Expansion,4,4096,1024,128,8,8,8.279213,256,32,16,1,801.001854,0.257911,8.021302,6.39927,0.7729321615472388,129.691291,167.791299,11.258355,6.60348,15825.537825,15790.503542,35.03428299999905,0.0022186932105625343
M Expansion,4,4096,1024,512,1,1,103.577554,128,16,16,1,7446.488708,1.081834,102.175107,14.048753,0.13563511067272355,41.466197,305.718756,107.342382,14.577668,-3512.6719,-3463.908727,48.763172999999824,0.014077499392494768
M Expansion,4,4096,1024,512,2,2,45.622448,256,16,16,1,3381.922583,0.980372,44.543923,14.443081,0.3165783870256151,94.141535,297.371959,53.299234,14.94832,-3512.6719,-3463.908727,48.763172999999824,0.014077499392494768
M Expansion,4,4096,1024,512,4,4,25.285361,1024,64,16,1,2872.285753,0.962972,23.847121,14.104433,0.557810228614098,169.859837,304.511872,29.615345,15.905075,-3512.6719,-3463.908727,48.763172999999824,0.014077499392494768
M Expansion,4,4096,1024,512,8,8,24.074364,256,32,16,1,1975.235619,1.37625,23.123673,13.859912,0.5757124881886807,178.404185,309.884168,28.41625,14.486996,-3512.6719,-3463.908727,48.763172999999824,0.014077499392494768
Medium Asymmetric,4,4096,2048,1,1,1,0.891363,1024,8,16,1,137.905683,0.006521,0.884842,0.950802,1.0666832704521054,18.821979,17.645331,0.933708,1.020043,-4542.118435,-4548.958655,6.840220000000045,0.0015036891998307345
Medium Asymmetric,4,4096,2048,1,2,2,0.176384,512,8,16,1,126.595209,0.003735,0.172757,0.488292,2.7683463352685047,95.117562,34.358982,0.648751,0.545599,-4542.118435,-4548.958655,6.840220000000045,0.0015036891998307345
Medium Asymmetric,4,4096,2048,1,4,4,0.239991,256,8,16,1,132.822043,0.005429,0.234678,0.24078,1.0032876232858732,69.907688,69.678611,0.350709,0.278423,-4542.118435,-4548.958655,6.840220000000045,0.0015036891998307345
Medium Asymmetric,4,4096,2048,1,8,8,0.206865,1024,8,16,1,252.131627,0.006121,0.199917,0.233326,1.1279143402702245,81.102245,71.904614,2.163394,0.26679,-4542.118435,-4548.958655,6.840220000000045,0.0015036891998307345
Medium Asymmetric,4,4096,2048,8,1,1,2.621215,1024,8,16,1,181.260784,0.027768,2.592172,8.104829,3.092012292009622,51.204395,16.560217,4.891416,8.582622,4588.771337,4577.173396,11.597940999999992,0.002533865334910723
Medium Asymmetric,4,4096,2048,8,2,2,1.288686,1024,8,16,1,145.813531,0.02838,1.259994,8.69746,6.749091710470975,104.150839,15.43183,1.694919,12.382201,4588.771337,4577.173396,11.597940999999992,0.002533865334910723
Medium Asymmetric,4,4096,2048,8,4,4,1.764825,1024,8,16,1,168.109906,0.029175,1.735855,14.05019,7.961236949839219,76.051579,9.552734,2.250695,15.076899,4588.771337,4577.173396,11.597940999999992,0.002533865334910723
Medium Asymmetric,4,4096,2048,8,8,8,0.906718,1024,8,16,1,296.680496,0.041553,0.876095,13.469955,14.855726918402414,148.025878,9.96423,2.421438,15.204956,4588.771337,4577.173396,11.597940999999992,0.002533865334910723
Medium Asymmetric,4,4096,2048,32,1,1,12.672882,128,32,16,1,1339.587478,0.117293,12.560927,10.059018,0.7937435225862595,42.363758,53.3721,16.801822,15.278455,37900.574102,37919.319127,18.745025000003807,0.0004943397041814665
Medium Asymmetric,4,4096,2048,32,2,2,5.500511,512,32,16,1,899.559647,0.114607,5.390668,11.497651,2.0902877932613895,97.603825,46.693965,7.404468,12.889738,37900.574102,37919.319127,18.745025000003807,0.0004943397041814665
Medium Asymmetric,4,4096,2048,32,4,4,6.981123,128,64,16,1,1035.002563,0.159247,6.806482,11.500063,1.6473084631226238,76.903231,46.684171,8.360087,14.908476,37900.574102,37919.319127,18.745025000003807,0.0004943397041814665
Medium Asymmetric,4,4096,2048,32,8,8,3.855837,1024,8,16,1,1080.292497,0.12583,3.673129,14.467621,3.752135009856485,139.235894,37.108445,5.156336,22.142254,37900.574102,37919.319127,18.745025000003807,0.0004943397041814665
Medium Asymmetric,4,4096,2048,128,1,1,53.31736,256,64,16,1,4189.781699,0.475658,52.861557,16.978418,0.3184407104927926,40.277381,126.483142,56.542594,22.575945,-20359.663912,-20432.20799,72.54407799999899,0.003550476680518511
Medium Asymmetric,4,4096,2048,128,2,2,24.300614,256,8,16,1,2058.285408,0.463144,23.849777,14.323114,0.5894136666670233,88.37158,149.931338,25.569692,18.657451,-20359.663912,-20432.20799,72.54407799999899,0.003550476680518511
Medium Asymmetric,4,4096,2048,128,4,4,12.770701,128,32,16,1,1744.466289,0.472285,12.071323,18.843186,1.4755013056840027,168.157069,113.966059,13.665478,21.42102,-20359.663912,-20432.20799,72.54407799999899,0.003550476680518511
Medium Asymmetric,4,4096,2048,128,8,8,13.637084,512,16,16,1,1506.54988,0.693618,12.943466,15.875073,1.1641105239213898,157.473815,135.273938,15.742017,19.221963,-20359.663912,-20432.20799,72.54407799999899,0.003550476680518511
Medium Asymmetric,4,4096,2048,512,1,1,205.707943,1024,32,16,1,14423.070314,1.962764,203.82754,33.083612,0.16082807264277588,41.757914,259.643191,234.614629,36.521206,-11902.505291,-11731.238489,171.2668020000001,0.014599208954842355
Medium Asymmetric,4,4096,2048,512,2,2,91.919981,128,64,16,1,6563.19533,1.977276,89.360139,27.31878,0.29720175855998054,93.450135,314.433316,106.060898,28.406282,-11902.505291,-11731.238489,171.2668020000001,0.014599208954842355
Medium Asymmetric,4,4096,2048,512,4,4,49.155268,128,8,16,1,4061.227796,1.951934,47.203334,27.715566,0.5638371455934286,174.751048,309.931776,52.718503,29.705588,-11902.505291,-11731.238489,171.2668020000001,0.014599208954842355
Medium Asymmetric,4,4096,2048,512,8,8,46.43709,256,32,16,1,3468.429668,2.63342,43.894585,28.181636,0.6068777350174183,184.980036,304.806101,52.45887,30.411586,-11902.505291,-11731.238489,171.2668020000001,0.014599208954842355
Square,4,4096,4096,1,1,1,0.780024,128,8,16,1,285.197271,0.007206,0.772959,2.22806,2.856399290278248,43.017179,15.059932,2.128008,2.941083,365.65273,374.982721,9.329991000000007,0.02488112245577312
Square,4,4096,4096,1,2,2,0.362953,256,8,16,1,276.600803,0.00723,0.355585,0.943274,2.59888745925781,92.448422,35.572307,0.479716,1.145012,365.65273,374.982721,9.329991000000007,0.02488112245577312
Square,4,4096,4096,1,4,4,0.597668,256,8,16,1,297.642568,0.007861,0.585372,0.516395,0.8640164773753992,56.14226,64.978228,1.169553,0.617463,365.65273,374.982721,9.329991000000007,0.02488112245577312
Square,4,4096,4096,1,8,8,0.343226,1024,8,16,1,499.924064,0.010985,0.331619,0.771256,2.2470791839779043,97.761918,43.506218,0.708496,3.093137,365.65273,374.982721,9.329991000000007,0.02488112245577312
Square,4,4096,4096,8,1,1,5.407912,512,8,16,1,498.26825,0.057223,5.352174,16.416212,3.0355915554838915,49.637541,16.351851,14.716376,19.115362,255.258681,239.858269,15.400411999999989,0.06420630009632892
Square,4,4096,4096,8,2,2,2.58411,128,8,16,1,293.69161,0.055918,2.526393,18.481427,7.15195057485943,103.879268,14.524607,2.849354,21.346708,255.258681,239.858269,15.400411999999989,0.06420630009632892
Square,4,4096,4096,8,4,4,3.784146,256,8,16,1,336.539521,0.066731,3.724154,15.919391,4.206864904261094,70.936866,16.862169,4.434046,17.09732,255.258681,239.858269,15.400411999999989,0.06420630009632892
Square,4,4096,4096,8,8,8,1.882684,512,8,16,1,412.483301,0.062215,1.824529,17.19642,9.133991684212539,142.58126,15.609962,2.067725,18.479472,255.258681,239.858269,15.400411999999989,0.06420630009632892
Square,4,4096,4096,32,1,1,26.267621,128,16,16,1,3473.058748,0.245304,26.019283,25.995885,0.9896550966682519,40.877011,41.3043,30.757775,30.06125,19676.887047,19643.895576,32.991471000001184,0.0016794770096573224
Square,4,4096,4096,32,2,2,11.865849,256,8,16,1,1696.531613,0.260963,11.567545,21.342297,1.7986321079932837,90.490097,50.310509,41.068607,30.106688,19676.887047,19643.895576,32.991471000001184,0.0016794770096573224
Square,4,4096,4096,32,4,4,12.014505,512,32,16,1,1917.514084,0.333834,11.779803,22.704754,1.8897785634947093,89.370459,47.291498,13.20006,24.171971,19676.887047,19643.895576,32.991471000001184,0.0016794770096573224
Square,4,4096,4096,32,8,8,7.646684,128,16,16,1,1737.352213,0.461623,7.102361,26.384682,3.4504736955260613,140.419275,40.695652,8.595829,34.720123,19676.887047,19643.895576,32.991471000001184,0.0016794770096573224
Square,4,4096,4096,128,1,1,106.958045,256,64,16,1,8145.252466,0.915118,106.063306,33.63736,0.314491163334184,40.155626,127.684435,119.77754,42.125197,-4640.847757,-4642.033183,1.1854260000000068,0.00025536784276796213
Square,4,4096,4096,128,2,2,47.822836,128,32,16,1,3932.52939,0.976531,46.540252,34.567577,0.7228257437513743,89.809966,124.248434,50.77439,38.359713,-4640.847757,-4642.033183,1.1854260000000068,0.00025536784276796213
Square,4,4096,4096,128,4,4,26.725139,1024,64,16,1,3533.915228,1.087183,25.636396,35.423563,1.3254772220267967,160.708885,121.246056,31.678938,42.825542,-4640.847757,-4642.033183,1.1854260000000068,0.00025536784276796213
Square,4,4096,4096,128,8,8,23.472025,256,32,16,1,2703.540603,1.323641,22.215095,31.850144,1.3569406133471655,182.982393,134.849227,28.419691,38.13908,-4640.847757,-4642.033183,1.1854260000000068,0.00025536784276796213
Square,4,4096,4096,512,1,1,414.552124,512,32,16,1,30370.413855,4.33659,409.689467,67.813194,0.16358182740851185,41.442,253.3411,536.691682,76.909502,17937.514138,18054.782767,117.26862900000197,0.006495155910396336
Square,4,4096,4096,512,2,2,178.107221,128,32,16,1,13869.300996,4.385966,173.308085,69.778586,0.3917785343470156,96.458016,246.205465,220.309851,80.228791,17937.514138,18054.782767,117.26862900000197,0.006495155910396336
Square,4,4096,4096,512,4,4,95.46085,256,64,16,1,7690.746702,3.899935,91.542011,72.235833,0.7567063670604233,179.967695,237.830291,96.985036,85.441241,17937.514138,18054.782767,117.26862900000197,0.006495155910396336
Square,4,4096,4096,512,8,8,86.933553,128,32,16,1,6826.269375,4.180698,83.150055,72.09379,0.8292976360922462,197.620695,238.298877,122.211598,86.439426,17937.514138,18054.782767,117.26862900000197,0.006495155910396336
K Expansion,4,4096,11008,1,1,1,2.819832,1024,8,16,1,881.712823,0.019524,2.800125,5.026836,1.7826721591924628,31.979755,17.939224,4.599681,6.814314,-6496.4836,-6494.566416,1.9171839999999065,0.00029519815137723994
K Expansion,4,4096,11008,1,2,2,1.492138,128,8,16,1,699.518969,0.019759,1.471322,2.339838,1.5681109924149106,60.435118,38.540077,2.380077,2.677109,-6496.4836,-6494.566416,1.9171839999999065,0.00029519815137723994
K Expansion,4,4096,11008,1,4,4,1.510642,1024,8,16,1,791.990571,0.029093,1.468366,1.68886,1.1179750066528007,59.694842,53.395507,1.792171,2.648612,-6496.4836,-6494.566416,1.9171839999999065,0.00029519815137723994
K Expansion,4,4096,11008,1,8,8,0.875395,512,8,16,1,844.75097,0.020054,0.855153,6.655812,7.603209979494971,103.013538,13.54869,1.93884,10.111724,-6496.4836,-6494.566416,1.9171839999999065,0.00029519815137723994
K Expansion,4,4096,11008,8,1,1,21.233237,256,8,16,1,1159.480917,0.159388,21.010087,47.047752,2.2157597543888388,33.975992,15.333789,24.942521,53.143115,22186.324722,22209.407964,23.08324200000061,0.0010393452197112608
K Expansion,4,4096,11008,8,2,2,8.25905,256,8,16,1,815.943895,0.1541,8.105434,43.442719,5.260014045198902,87.349064,16.606242,8.719521,48.554832,22186.324722,22209.407964,23.08324200000061,0.0010393452197112608
K Expansion,4,4096,11008,8,4,4,8.375968,256,8,16,1,890.692037,0.191888,8.182129,44.280831,5.286652360658493,86.129781,16.291932,8.639744,57.700014,22186.324722,22209.407964,23.08324200000061,0.0010393452197112608
K Expansion,4,4096,11008,8,8,8,5.640458,512,8,16,1,788.564473,0.203153,5.390038,43.33497,7.682881425586362,127.901012,16.647532,6.143388,47.470262,22186.324722,22209.407964,23.08324200000061,0.0010393452197112608
K Expansion,4,4096,11008,32,1,1,72.98719,128,32,16,1,8201.85159,0.653779,72.387979,48.117992,0.6592662630250596,39.536817,59.970939,94.686387,48.512888,-84.748601,-99.006616,14.258015,0.14401072954558916
K Expansion,4,4096,11008,32,2,2,33.063307,256,32,16,1,4782.986351,0.721532,32.403363,45.201763,1.3671277044368246,87.277451,63.840013,35.881829,47.797851,-84.748601,-99.006616,14.258015,0.14401072954558916
K Expansion,4,4096,11008,32,4,4,16.85086,128,64,16,1,4059.498802,0.631126,16.22623,44.930877,2.666384801725253,171.248301,64.224902,17.802971,49.220399,-84.748601,-99.006616,14.258015,0.14401072954558916
K Expansion,4,4096,11008,32,8,8,18.7697,128,32,16,1,4240.663209,0.709013,18.155387,50.428165,2.6866793289184163,153.741464,57.2236,22.449288,59.151611,-84.748601,-99.006616,14.258015,0.14401072954558916
K Expansion,4,4096,11008,128,1,1,290.560437,128,64,16,1,24725.787244,2.538957,286.573361,63.730087,0.21933504663609796,39.725727,181.118921,330.189932,73.626578,-45974.253818,-45946.921463,27.332354999998643,0.0005948680375029862
K Expansion,4,4096,11008,128,2,2,127.119387,128,64,16,1,11816.163916,3.107013,123.789034,66.035366,0.5194751765126117,90.802236,174.796103,133.446927,68.196423,-45974.253818,-45946.921463,27.332354999998643,0.0005948680375029862
K Expansion,4,4096,11008,128,4,4,64.869053,128,64,16,1,7322.241972,2.604584,61.916201,66.203013,1.0205638889163373,177.938849,174.353463,67.11998,73.767604,-45974.253818,-45946.921463,27.332354999998643,0.0005948680375029862
K Expansion,4,4096,11008,128,8,8,61.07562,128,32,16,1,7504.127052,2.886756,57.367367,68.086892,1.1147965751309608,188.990707,169.529322,67.904994,78.951525,-45974.253818,-45946.921463,27.332354999998643,0.0005948680375029862
K Expansion,4,4096,11008,512,1,1,1212.690489,128,16,16,1,87310.545939,11.336024,1199.846811,138.80178,0.11445771304305166,38.07311,332.639095,1301.68171,153.702934,14626.71813,14617.59091,9.127219999998488,0.0006243997424879697
K Expansion,4,4096,11008,512,2,2,492.565188,128,32,16,1,37027.583783,10.514378,482.254522,141.302245,0.286870141135512,93.73561,326.752759,587.968281,158.672621,14626.71813,14617.59091,9.127219999998488,0.0006243997424879697
K Expansion,4,4096,11008,512,4,4,285.825277,128,64,16,1,21385.767513,10.477804,275.51321,151.726329,0.5308359379286107,161.535393,304.3038,313.28075,160.045763,14626.71813,14617.59091,9.127219999998488,0.0006243997424879697
K Expansion,4,4096,11008,512,8,8,218.512953,256,32,16,1,18157.829673,11.927039,206.658956,144.140804,0.6596442088263756,211.295934,320.31803,243.861435,161.400509,14626.71813,14617.59091,9.127219999998488,0.0006243997424879697
K Expansion,4,4096,14336,1,1,1,6.703235,128,8,16,1,1091.717372,0.025738,6.677806,6.394054,0.953875852480183,17.519975,18.367144,12.010512,7.495974,6460.306837,6454.185562,6.1212750000004235,0.0009484194312664888
K Expansion,4,4096,14336,1,2,2,1.867611,256,8,16,1,921.233112,0.02579,1.841897,3.357213,1.7975975725137623,62.882748,34.981549,2.548003,4.713097,6460.306837,6454.185562,6.1212750000004235,0.0009484194312664888
K Expansion,4,4096,14336,1,4,4,2.001014,256,8,16,1,1102.0783,0.027144,1.973013,2.251543,1.1252010230812977,58.6905,52.160013,2.498111,2.506164,6460.306837,6454.185562,6.1212750000004235,0.0009484194312664888
K Expansion,4,4096,14336,1,8,8,1.253717,512,8,16,1,982.510091,0.038756,1.220562,2.912407,2.3230178740497256,93.673861,40.32421,2.867744,5.354275,6460.306837,6454.185562,6.1212750000004235,0.0009484194312664888
K Expansion,4,4096,14336,8,1,1,29.763475,128,8,16,1,1377.316067,0.201164,29.563887,57.606743,1.9354844486404899,31.566344,16.309273,45.249703,60.515759,25995.431294,26001.897249,6.465954999999667,0.0002486724310184073
K Expansion,4,4096,14336,8,2,2,10.78417,256,8,16,1,1102.825125,0.200053,10.58578,59.612167,5.527747337069056,87.120668,15.76061,11.436883,64.498415,25995.431294,26001.897249,6.465954999999667,0.0002486724310184073
K Expansion,4,4096,14336,8,4,4,10.580046,128,8,16,1,1154.817621,0.296235,10.283811,58.888223,5.565970412605012,88.801513,15.954363,13.263513,67.467743,25995.431294,26001.897249,6.465954999999667,0.0002486724310184073
K Expansion,4,4096,14336,8,8,8,6.917098,128,8,16,1,1212.951206,0.290747,6.626876,56.373025,8.14980863362063,135.826339,16.6662,7.805938,59.793187,25995.431294,26001.897249,6.465954999999667,0.0002486724310184073
K Expansion,4,4096,14336,32,1,1,96.070426,256,64,16,1,10525.495734,0.800631,95.259816,59.868298,0.6231709433660678,39.11814,62.772728,119.34297,72.00559,3542.202062,3537.520419,4.6816429999998945,0.001323425011161722
K Expansion,4,4096,14336,32,2,2,39.617764,128,32,16,1,6390.96759,0.796175,38.553122,73.898128,1.8652776062778302,94.858871,50.855096,40.128694,78.054799,3542.202062,3537.520419,4.6816429999998945,0.001323425011161722
K Expansion,4,4096,14336,32,4,4,23.6807,512,16,16,1,5584.681053,0.838523,22.71716,65.924824,2.7839052055049045,158.698703,57.005786,24.704289,134.491548,3542.202062,3537.520419,4.6816429999998945,0.001323425011161722
K Expansion,4,4096,14336,32,8,8,24.159618,1024,64,16,1,5488.029119,1.157223,22.875725,63.644575,2.6343369750299863,155.552807,59.048181,32.398459,72.88041,3542.202062,3537.520419,4.6816429999998945,0.001323425011161722
K Expansion,4,4096,14336,128,1,1,435.982897,256,32,16,1,31321.564837,3.413785,432.48256,79.442495,0.18221470508738785,34.479301,189.223482,579.191722,90.017347,-80109.463243,-80043.286256,66.17698699999892,0.0008267649929857586
K Expansion,4,4096,14336,128,2,2,166.61052,128,64,16,1,15265.940728,3.598882,161.890689,84.36827,0.5063802093649308,90.224708,178.175818,169.234754,97.384222,-80109.463243,-80043.286256,66.17698699999892,0.0008267649929857586
K Expansion,4,4096,14336,128,4,4,87.007269,128,64,16,1,9855.661986,3.324131,83.701374,86.023452,0.988692703364819,172.771605,174.747527,108.697458,94.943373,-80109.463243,-80043.286256,66.17698699999892,0.0008267649929857586
K Expansion,4,4096,14336,128,8,8,82.941863,128,64,16,1,9846.498331,3.506254,79.703591,85.846103,1.0350153697415743,181.240028,175.108537,100.340626,90.12619,-80109.463243,-80043.286256,66.17698699999892,0.0008267649929857586
K Expansion,4,4096,14336,512,1,1,1568.699263,128,16,16,1,116908.286164,18.112527,1541.938043,189.128199,0.12056370743638196,38.330828,317.930073,1868.988742,208.136177,187657.747194,187635.80206,21.945134000008693,0.00011695600604511144
K Expansion,4,4096,14336,512,2,2,692.902216,256,32,16,1,50091.400381,16.931366,669.518082,191.214041,0.27596107586990315,86.779261,314.46196,749.91339,203.981406,187657.747194,187635.80206,21.945134000008693,0.00011695600604511144
K Expansion,4,4096,14336,512,4,4,354.512485,128,32,16,1,27770.52714,13.691099,338.421981,190.864696,0.5383863871536146,169.611917,315.037529,360.078606,215.96898,187657.747194,187635.80206,21.945134000008693,0.00011695600604511144
K Expansion,4,4096,14336,512,8,8,292.591888,128,32,16,1,24764.988,15.748661,275.975648,199.384855,0.6814435504787474,205.506525,301.575273,332.239481,272.128815,187657.747194,187635.80206,21.945134000008693,0.00011695600604511144
M Expansion,4,8192,2048,1,1,1,0.683118,1024,8,16,1,331.33491,0.003759,0.679283,1.910571,2.7968389063090124,49.119525,17.562515,0.762539,2.178776,2944.926398,2942.959291,1.9671069999999418,0.0006684112165654628
M Expansion,4,8192,2048,1,2,2,0.329925,1024,8,16,1,254.212548,0.003735,0.326294,0.997618,3.023772069409714,101.703211,33.634549,0.718049,1.123467,2944.926398,2942.959291,1.9671069999999418,0.0006684112165654628
M Expansion,4,8192,2048,1,4,4,0.492151,1024,8,16,1,288.089002,0.004761,0.486096,0.514443,1.0452950415624473,68.17914,65.224781,0.656776,0.650395,2944.926398,2942.959291,1.9671069999999418,0.0006684112165654628
M Expansion,4,8192,2048,1,8,8,2.543431,1024,8,16,1,499.395918,0.006995,2.539485,0.515317,0.2026070296383114,13.192586,65.114157,4.480973,0.551391,2944.926398,2942.959291,1.9671069999999418,0.0006684112165654628
M Expansion,4,8192,2048,8,1,1,6.375212,1024,8,16,1,410.568498,0.028175,6.347166,14.383395,2.2561437956886765,42.106122,18.662872,10.12163,16.568845,7242.630211,7208.805211,33.82499999999982,0.004692178386008525
M Expansion,4,8192,2048,8,2,2,3.039124,1024,8,16,1,292.454806,0.029099,3.010596,15.609315,5.136123106526749,88.326589,17.197132,4.230286,16.522277,7242.630211,7208.805211,33.82499999999982,0.004692178386008525
M Expansion,4,8192,2048,8,4,4,3.587648,1024,8,16,1,325.97109,0.032858,3.557325,18.593569,5.18266256890308,74.822127,14.437005,4.231675,23.031319,7242.630211,7208.805211,33.82499999999982,0.004692178386008525
M Expansion,4,8192,2048,8,8,8,1.868308,512,8,16,1,407.345739,0.033805,1.825257,17.214931,9.214182565187324,143.678374,15.593176,2.959253,19.061124,7242.630211,7208.805211,33.82499999999982,0.004692178386008525
M Expansion,4,8192,2048,32,1,1,27.077751,256,32,16,1,2911.211744,0.114052,26.964739,18.649284,0.6887309067876428,39.654025,57.575499,43.013758,28.716384,68340.011681,68343.822385,3.81070400000317,5.575784126524854e-05
M Expansion,4,8192,2048,32,2,2,10.380639,256,32,16,1,1707.651752,0.114324,10.266315,29.116827,2.804916633744801,103.436968,36.87702,11.664254,42.636345,68340.011681,68343.822385,3.81070400000317,5.575784126524854e-05
M Expansion,4,8192,2048,32,4,4,10.220739,256,8,16,1,1840.108758,0.126849,10.096503,18.355197,1.7958776757727597,105.055204,58.497973,13.19454,20.919159,68340.011681,68343.822385,3.81070400000317,5.575784126524854e-05
M Expansion,4,8192,2048,32,8,8,7.417108,512,8,16,1,1642.847325,0.129156,7.289214,23.010996,3.1024215907332073,144.765564,46.662119,8.123864,29.957836,68340.011681,68343.822385,3.81070400000317,5.575784126524854e-05
M Expansion,4,8192,2048,128,1,1,106.675381,512,32,16,1,8485.520917,0.454008,106.217764,26.040675,0.24411138498769458,40.262029,164.933025,124.062318,28.07287,-59074.0046,-59164.478195,90.47359500000312,0.0015291877450826405
M Expansion,4,8192,2048,128,2,2,45.989498,256,32,16,1,4034.621028,0.536057,45.531088,24.9335,0.5421563853556305,93.390176,172.256895,48.081407,25.861777,-59074.0046,-59164.478195,90.47359500000312,0.0015291877450826405
M Expansion,4,8192,2048,128,4,4,25.10174,1024,16,16,1,3307.437651,0.471833,24.629907,26.290683,1.04736496354436,171.102374,163.364615,26.136243,34.199476,-59074.0046,-59164.478195,90.47359500000312,0.0015291877450826405
M Expansion,4,8192,2048,128,8,8,25.073855,1024,64,16,1,2649.056697,0.636578,24.341908,24.983397,0.9963923377558019,171.292659,171.912863,29.025002,26.654776,-59074.0046,-59164.478195,90.47359500000312,0.0015291877450826405
M Expansion,4,8192,2048,512,1,1,423.7987,128,16,16,1,28946.708971,2.007618,419.976126,56.272708,0.13278169093015152,40.537805,305.296649,456.623036,71.62246,-80146.972659,-80069.064933,77.90772600000491,0.0009730065670830096
M Expansion,4,8192,2048,512,2,2,181.896271,128,64,16,1,13151.17571,1.874019,180.022252,53.253492,0.29276846472570073,94.448716,322.605496,188.358086,55.260854,-80146.972659,-80069.064933,77.90772600000491,0.0009730065670830096
M Expansion,4,8192,2048,512,4,4,95.566981,512,32,16,1,7643.735472,1.901649,93.499414,53.267186,0.5573806501222426,179.767834,322.52256,98.809438,72.449787,-80146.972659,-80069.064933,77.90772600000491,0.0009730065670830096
M Expansion,4,8192,2048,512,8,8,79.113054,512,32,16,1,6973.852895,2.464745,76.693927,59.97005,0.758029768386896,217.155935,286.474151,87.311109,71.551339,-80146.972659,-80069.064933,77.90772600000491,0.0009730065670830096
Square,4,8192,8192,1,1,1,8.880633,256,8,16,1,1312.746754,0.015015,8.865766,8.379637,0.9435855529667763,15.113532,16.017129,12.398848,9.844695,8362.84552,8374.287242,11.441721999999572,0.001366292040069429
Square,4,8192,8192,1,2,2,2.129692,256,8,16,1,1101.59081,0.015072,2.114379,3.670934,1.7236924400335822,63.022131,36.562283,2.692727,4.437667,8362.84552,8374.287242,11.441721999999572,0.001366292040069429
Square,4,8192,8192,1,4,4,0.985834,256,8,16,1,1232.991785,0.014715,0.971434,2.778386,2.818310182038761,136.146378,48.307805,1.132557,3.130875,8362.84552,8374.287242,11.441721999999572,0.001366292040069429
Square,4,8192,8192,1,8,8,1.37755,1024,8,16,1,1280.543891,0.023008,1.354594,4.862067,3.5295031033356317,97.432201,27.605076,3.404563,7.01624,8362.84552,8374.287242,11.441721999999572,0.001366292040069429
Square,4,8192,8192,8,1,1,26.286618,128,8,16,1,1746.937386,0.118832,26.172053,84.116423,3.1999712933782503,40.847469,12.764949,40.164609,93.833321,43547.091346,43539.790652,7.300693999997748,0.00016767866566814532
Square,4,8192,8192,8,2,2,11.50502,256,8,16,1,1215.755774,0.115838,11.378153,93.008789,8.08419185711976,93.328115,11.54452,12.39798,103.522206,43547.091346,43539.790652,7.300693999997748,0.00016767866566814532
Square,4,8192,8192,8,4,4,5.787995,512,8,16,1,1049.535977,0.111245,5.652319,94.220298,16.278572804572224,185.511878,11.396078,6.944244,101.579479,43547.091346,43539.790652,7.300693999997748,0.00016767866566814532
Square,4,8192,8192,8,8,8,7.529078,512,8,16,1,1283.510344,0.140036,7.402279,88.36422,11.736393221055753,142.612658,12.151319,7.727232,95.945277,43547.091346,43539.790652,7.300693999997748,0.00016767866566814532
Square,4,8192,8192,32,1,1,121.0824,128,64,16,1,12448.674651,0.468423,120.522202,96.828587,0.7996916727782072,35.471442,44.356398,159.450975,101.625613,-93861.616673,-93904.408665,42.79199199999857,0.0004556973693605504
Square,4,8192,8192,32,2,2,42.998418,128,64,16,1,7033.37414,0.477811,42.519898,93.450401,2.1733450984173417,99.886635,45.959859,44.884404,109.565067,-93861.616673,-93904.408665,42.79199199999857,0.0004556973693605504
Square,4,8192,8192,32,4,4,23.189909,128,16,16,1,5881.721773,0.508311,22.692847,99.2349,4.279227658892495,185.208458,43.280814,28.096509,104.413777,-93861.616673,-93904.408665,42.79199199999857,0.0004556973693605504
Square,4,8192,8192,32,8,8,23.786015,128,64,16,1,6086.111296,0.495158,23.250705,96.873803,4.072721008542204,180.566913,44.335694,29.911828,124.624333,-93861.616673,-93904.408665,42.79199199999857,0.0004556973693605504
Square,4,8192,8192,128,1,1,514.247299,256,64,16,1,33917.660576,2.632052,503.293712,155.38443,0.3021589618499873,33.407797,110.563646,582.492454,173.839098,-117509.613189,-117373.593572,136.0196169999981,0.0011588604630781809
Square,4,8192,8192,128,2,2,185.53936,256,64,16,1,16715.053038,1.90251,183.63685,184.031368,0.9918723876162988,92.594203,93.35294,214.814631,199.317502,-117509.613189,-117373.593572,136.0196169999981,0.0011588604630781809
Square,4,8192,8192,128,4,4,101.671754,128,16,16,1,10379.154797,1.852089,99.820345,181.639424,1.7865278885618514,168.973865,94.582271,119.059335,187.273641,-117509.613189,-117373.593572,136.0196169999981,0.0011588604630781809
Square,4,8192,8192,128,8,8,84.401272,128,64,16,1,10345.718425,2.732935,81.230351,139.919304,1.6577866741155276,203.549885,122.784124,96.271097,151.266116,-117509.613189,-117373.593572,136.0196169999981,0.0011588604630781809
Square,4,8192,8192,512,1,1,1849.324703,256,16,16,1,132251.43533,11.99529,1837.329413,288.255868,0.1558708795336954,37.159227,238.397495,2135.17986,306.810748,381099.36929,381084.746454,14.622835999995004,3.837161192112972e-05
Square,4,8192,8192,512,2,2,683.967673,128,32,16,1,54421.679482,7.815709,676.151964,253.900654,0.3712173309103163,100.47182,270.654981,726.03764,361.23,381099.36929,381084.746454,14.622835999995004,3.837161192112972e-05
Square,4,8192,8192,512,4,4,422.427992,256,16,16,1,29517.79189,8.419736,414.489266,248.681129,0.588694721253226,162.677375,276.335712,432.93347,258.646794,381099.36929,381084.746454,14.622835999995004,3.837161192112972e-05
Square,4,8192,8192,512,8,8,379.531466,128,64,16,1,25293.349914,12.992916,363.799679,251.635532,0.6630162569972525,181.063977,273.091309,425.420366,280.481985,381099.36929,381084.746454,14.622835999995004,3.837161192112972e-05
M Expansion,4,11008,4096,1,1,1,2.828321,1024,8,16,1,912.769132,0.007474,2.820849,6.037278,2.1345801979336856,31.88377,14.936787,6.007806,8.748021,-3723.066764,-3725.159345,2.092580999999882,0.0005617426816408794
M Expansion,4,11008,4096,1,2,2,1.280505,512,8,16,1,675.68919,0.00767,1.268729,2.379541,1.8582832554343796,70.423416,37.89703,1.801397,2.490805,-3723.066764,-3725.159345,2.092580999999882,0.0005617426816408794
M Expansion,4,11008,4096,1,4,4,1.482421,1024,8,16,1,738.608095,0.011011,1.473731,1.715034,1.1569142638966934,60.831259,52.580611,2.573337,1.780193,-3723.066764,-3725.159345,2.092580999999882,0.0005617426816408794
M Expansion,4,11008,4096,1,8,8,0.784869,1024,8,16,1,950.969108,0.011316,0.772518,7.714414,9.828919220914573,114.895016,11.689486,1.364815,16.905664,-3723.066764,-3725.159345,2.092580999999882,0.0005617426816408794
M Expansion,4,11008,4096,8,1,1,18.587071,512,8,16,1,1125.936221,0.057605,18.529568,39.654823,2.133462717175826,38.813016,18.192498,22.668703,45.91121,5984.301602,5978.308567,5.993034999999509,0.0010024633109573498
M Expansion,4,11008,4096,8,2,2,8.21933,256,8,16,1,807.497796,0.057188,8.157052,40.447715,4.9210477009683276,87.771179,17.835873,8.86977,42.149763,5984.301602,5978.308567,5.993034999999509,0.0010024633109573498
M Expansion,4,11008,4096,8,4,4,5.050941,256,8,16,1,895.01888,0.060276,4.993614,41.400585,8.196608315163452,142.828888,17.425365,5.708075,42.352593,5984.301602,5978.308567,5.993034999999509,0.0010024633109573498
M Expansion,4,11008,4096,8,8,8,6.230431,1024,8,16,1,1026.07512,0.084182,6.146249,43.540676,6.988389085763087,115.789789,16.568881,7.65093,49.067619,5984.301602,5978.308567,5.993034999999509,0.0010024633109573498
M Expansion,4,11008,4096,32,1,1,90.897322,128,32,16,1,7873.431454,0.229054,90.530306,49.511642,0.5446985775884574,31.746603,58.282881,132.741324,55.309708,38101.539116,38073.37365,28.16546599999856,0.0007397680662322541
M Expansion,4,11008,4096,32,2,2,29.654906,128,32,16,1,4622.439899,0.232063,29.422843,49.700515,1.6759626552179934,97.308727,58.061393,31.971006,53.229592,38101.539116,38073.37365,28.16546599999856,0.0007397680662322541
M Expansion,4,11008,4096,32,4,4,16.931765,1024,32,16,1,4479.898541,0.254917,16.704474,47.923668,2.8304000203168425,170.430026,60.214113,17.991981,54.70435,38101.539116,38073.37365,28.16546599999856,0.0007397680662322541
M Expansion,4,11008,4096,32,8,8,20.335005,256,16,16,1,4062.26887,0.294941,20.003771,50.605022,2.4885669809277156,141.907079,57.023612,24.84762,63.51107,38101.539116,38073.37365,28.16546599999856,0.0007397680662322541
M Expansion,4,11008,4096,128,1,1,281.721428,512,64,16,1,23858.81899,0.968676,280.798111,62.170217,0.22067975958151115,40.972122,185.663251,332.004888,86.958103,-16838.138358,-17036.088604,197.95024600000033,0.01161946562977622
M Expansion,4,11008,4096,128,2,2,123.153914,256,64,16,1,11000.986359,0.913105,122.245193,64.119116,0.5206421291652981,93.726007,180.020021,140.764975,70.965272,-16838.138358,-17036.088604,197.95024600000033,0.01161946562977622
M Expansion,4,11008,4096,128,4,4,59.004202,512,8,16,1,6786.21742,0.928484,57.799776,64.665691,1.0959506070432068,195.625468,178.498434,60.923356,66.542128,-16838.138358,-17036.088604,197.95024600000033,0.01161946562977622
M Expansion,4,11008,4096,128,8,8,57.4437,256,16,16,1,7308.824712,1.188937,56.466783,64.479938,1.1224892895130363,200.939783,179.012651,69.773846,65.206386,-16838.138358,-17036.088604,197.95024600000033,0.01161946562977622
M Expansion,4,11008,4096,512,1,1,1053.608407,1024,16,16,1,78866.37964,3.640737,1049.991138,144.438571,0.13708942529347148,43.821688,319.657679,1112.234407,153.342749,19636.574081,19623.136612,13.43746900000042,0.0006847768155363653
M Expansion,4,11008,4096,512,2,2,501.276876,128,32,16,1,34548.582672,4.085203,497.416091,139.823305,0.2789342810219716,92.10658,330.208891,502.546729,140.59715,19636.574081,19623.136612,13.43746900000042,0.0006847768155363653
M Expansion,4,11008,4096,512,4,4,245.766551,256,64,16,1,19966.113714,3.77347,240.660444,138.159423,0.5621571464377185,187.864859,334.185663,252.109081,149.331108,19636.574081,19623.136612,13.43746900000042,0.0006847768155363653
M Expansion,4,11008,4096,512,8,8,203.952045,128,64,16,1,16716.518492,4.299076,199.788142,141.594235,0.6942525876609866,226.38115,326.078943,228.995551,154.921897,19636.574081,19623.136612,13.43746900000042,0.0006847768155363653
M Expansion,4,14336,4096,1,1,1,4.790985,1024,8,16,1,1085.556475,0.008156,4.778752,6.10529,1.2743287653791444,24.512811,19.235861,6.651017,8.1935,-5874.792081,-5859.955486,14.836594999999761,0.0025318613828118355
M Expansion,4,14336,4096,1,2,2,1.590323,1024,8,16,1,887.025272,0.007631,1.582633,3.154256,1.983405886728671,73.846956,37.232397,1.714439,3.452657,-5874.792081,-5859.955486,14.836594999999761,0.0025318613828118355
M Expansion,4,14336,4096,1,4,4,2.289975,256,8,16,1,984.452028,0.012059,2.277578,2.060398,0.8997469404687825,51.284626,56.998945,2.835589,2.235544,-5874.792081,-5859.955486,14.836594999999761,0.0025318613828118355
M Expansion,4,14336,4096,1,8,8,3.93981,128,8,16,1,1221.305406,0.008413,3.926307,6.088527,1.5453859450075003,29.808674,19.288822,6.219491,9.197952,-5874.792081,-5859.955486,14.836594999999761,0.0025318613828118355
M Expansion,4,14336,4096,8,1,1,20.997623,512,8,16,1,1755.587673,0.059874,20.940543,54.051139,2.5741551317499125,44.744307,17.382133,23.48238,57.549447,12138.412961,12135.449088,2.9638730000006035,0.0002442326590889327
M Expansion,4,14336,4096,8,2,2,9.849129,256,8,16,1,994.657207,0.057271,9.791908,52.44864,5.3252059141473325,95.391592,17.913221,10.588701,58.069583,12138.412961,12135.449088,2.9638730000006035,0.0002442326590889327
M Expansion,4,14336,4096,8,4,4,4.932222,512,8,16,1,893.481251,0.057024,4.868367,57.617269,11.681807712629316,190.486985,16.306293,5.811398,62.227264,12138.412961,12135.449088,2.9638730000006035,0.0002442326590889327
M Expansion,4,14336,4096,8,8,8,6.341798,1024,8,16,1,1108.351104,0.084624,6.211982,56.84038,8.962817800251601,148.147906,16.529166,6.789795,63.40433,12138.412961,12135.449088,2.9638730000006035,0.0002442326590889327
M Expansion,4,14336,4096,32,1,1,88.266157,128,64,16,1,10383.964377,0.231469,88.04394,62.844153,0.7119846964675259,42.576867,59.800255,94.806205,69.331757,46457.464228,46478.396226,20.93199800000002,0.00045035973053413297
M Expansion,4,14336,4096,32,2,2,43.14553,128,64,16,1,5933.157249,0.234004,42.921278,59.922406,1.3888438964592624,87.102798,62.716046,47.532982,66.878265,46457.464228,46478.396226,20.93199800000002,0.00045035973053413297
M Expansion,4,14336,4096,32,4,4,21.581484,128,8,16,1,4918.46206,0.261283,21.325609,58.871804,2.7278848850245887,174.135216,63.835251,23.586766,62.970732,46457.464228,46478.396226,20.93199800000002,0.00045035973053413297
M Expansion,4,14336,4096,32,8,8,32.997671,128,8,16,1,5371.816298,0.326166,32.767097,58.032921,1.7586974850437174,113.889746,64.758008,46.734542,65.106504,46457.464228,46478.396226,20.93199800000002,0.00045035973053413297
M Expansion,4,14336,4096,128,1,1,409.928906,256,64,16,1,31852.944748,0.923963,407.751412,78.351043,0.19113324738314505,36.670714,191.859418,472.33252,92.218632,-24756.14785,-24667.60599,88.54186000000118,0.0035893981781570192
M Expansion,4,14336,4096,128,2,2,164.185983,128,64,16,1,14895.484649,1.004167,163.181816,85.776765,0.5224365894864484,91.557058,175.250087,173.642475,86.536963,-24756.14785,-24667.60599,88.54186000000118,0.0035893981781570192
M Expansion,4,14336,4096,128,4,4,82.323049,128,16,16,1,9756.42409,1.003375,81.17661,83.740546,1.0172187135585806,182.60239,179.511434,89.162705,85.66588,-24756.14785,-24667.60599,88.54186000000118,0.0035893981781570192
M Expansion,4,14336,4096,128,8,8,72.172406,256,8,16,1,8749.486858,1.152147,70.225985,83.644318,1.158951497335422,208.28439,179.717952,76.2922,94.707233,-24756.14785,-24667.60599,88.54186000000118,0.0035893981781570192
M Expansion,4,14336,4096,512,1,1,1658.799418,256,64,16,1,104491.694564,5.950357,1649.633211,192.666624,0.11614823462640014,36.248832,312.091118,1888.463217,225.320777,51896.062891,51886.482122,9.580769000000146,0.00018464865236908932
M Expansion,4,14336,4096,512,2,2,688.250043,128,16,16,1,46947.365617,3.929555,683.794276,193.355572,0.28093797300351203,87.365839,310.979102,734.375258,201.818188,51896.062891,51886.482122,9.580769000000146,0.00018464865236908932
M Expansion,4,14336,4096,512,4,4,329.952958,256,64,16,1,25767.98053,3.908291,325.695139,187.939946,0.5695961846779382,182.236712,319.940191,351.6206,227.869749,51896.062891,51886.482122,9.580769000000146,0.00018464865236908932
M Expansion,4,14336,4096,512,8,8,275.865375,128,8,16,1,22738.67559,5.65349,268.74879,186.418644,0.6757594859449108,217.966978,322.551119,294.975704,191.905632,51896.062891,51886.482122,9.580769000000146,0.00018464865236908932
